1,1강 1,accounting,"경리, 회계(학)"
2,,happen to do,(우연히) ~하다
3,,look to do,~하려고 하다[애쓰다]
4,,promote,승진시키다， 진급시키다
5,,on time,시간을 지키는
6,,obvious,쉽게 알 수 있는， 명백한
7,,the rest,나머지， 다른 사람들[것들]
8,,deserve,"~을 받을 만하다, ~할 자격이 있다"
9,,,
10,2,leave of absence,휴가
11,,duty,"직무, 의무"
12,,hence,그러므로， 이런 이유로
13,,in turn,결과적으로
14,,unfortunate,유감스러운， 불행한
15,,put ~ on hold,~을 보류하다
16,,fulfill,다하다， 이행하다
17,,tolerate,용인하다， 너그럽게 보아주다
18,,,
19,3,graphene,그래핀(탄소 원자들로 이루어진 얇은 막)
20,,transparent,투명한
21,,chemistry,화학
22,,major,(특정 분야를) 전공하는 학생， (특정 과목의 전공자
23,,introductory,입문의， 도입의
24,,coursework,수업 활동
25,,pursue,해나가다， 추구하다
26,,undergraduate,학부생， 대학생
27,,potential,잠재적인. 가능성이 있는
28,,application,응용， 적용
29,,fascinate,매료하다， 매혹시키다
30,,utilize,활용하다
31,,flexible,신축성 있는
32,,virtually,거의， 사실상
33,,electrical power,전력
34,,,
35,4,gratitude,감사
36,,insurance policy,보험 증권[증서]
37,,application,신청(서)
38,,approve,승인하다
39,,available,이용 가능한
40,,currently,현재
41,,work on,~에 애쓰다
42,,bring - back,~을 다시 도입하다
43,,on hold,보류된
44,,reference,참조， 참고
45,,approval,승인
46,,take out a policy,보험에 가입하다
47,,appreciate,~에 대해 감사하다
48,,,
49,2강 2,cover,피난처
50,,sagebrush,산쑥
51,,crouch down,웅크리고 앉다
52,,foothill,산기슭의 작은 언덕
53,,front,(기상) 전선
54,,exposed,비바람을 맞는
55,,hillside,산비탈
56,,make it to,~에 이르다， 도착하다
57,,blizzard,눈보라
58,,slope,산비탈
59,,vegetated,초목이 있는
60,,timbered,수목이 무성한
61,,bare,(산 등이) 헐벗은
62,,steep,가파른
63,,slippery,미끄러운
64,,,
65,2,advance,"선금, 선불"
66,,setback,좌절
67,,quizzically,어리둥절하여
68,,look forward to,~을 고대하다
69,,promising,잘될 것 같은， 기대가 되는
70,,figure,생각나다
71,,bounce back from,~을 딛고 일어서다
72,,triumph,승리하다
73,,shatter,산산이 부수다
74,,melt,녹다
75,,stare,뻔히 쳐다보다
76,,forehead,머리 앞부분， 이마
77,,intention,의사， 의도
78,,actually,실제로
79,,,
80,3,garment,옷
81,,beeswax,밀랍
82,,innocent,순진한， 천진난만한
83,,against the odds,역경을 무릅쓰고
84,,inherit,물려받다， 상속하다
85,,sensation,느낌
86,,faintly,희미하게
87,,features,얼굴， 용모
88,,circumstance,사정， 형편， 상황
89,,,
90,4,benefit from,~으로부터 도움을 받다， 이익을 얻다
91,,instantly,"즉각적으로, 곧장"
92,,fall apart,무너지다
93,,verbalize,말로 표현하다
94,,boundary,한계， 경계(선)
95,,spiral,급속도로 걷잡을 수 없이 악화되다， 소용돌이 모양으로 나아가다
96,,supportive,지지하는. 도와주는
97,,minimize,과소평가하다， 경시하다
98,,grow up,철이 들다
99,,magically,마법에 걸린 듯이， 마법처럼
100,,perspective,관점
101,,demonstrate,보여 주다， 입증하다
102,,understanding of,~에 대해 이해심이 있는
103,,adjust to,~에 적응하다
104,,,
105,3강 1,accomplishment,성취
106,,scorebook,득점 기록부， 스코어 북
107,,spectacular,멋진， 굉장한， 극적인
108,,diving catch,(야구) 다이빙 캐치
109,,have game,수준 높은 경기력[기술]을 가지다
110,,get by,그럭저럭 살아{해] 나가다
111,,base hit,안타
112,,all-star,(일류 선수 · 인기 연예인 등) 올스타전에 나오는 선수; 스타 총출전의
113,,legendary,전설적인， 아주 유명한
114,,self-respect,자존감， 자존심
115,,,
116,2,sabotage,(고의로) 방해하다
117,,Texas Ranger,텍사스㈜ 기마 경관
118,,irrational,비합리적인
119,,generous,관대한
120,,quality,자질
121,,admire,감탄하다
122,,emotional,정서적인， 감정적인
123,,intellectual,지적인
124,,Inspire,고무하다
125,,deed,행동
126,,rugged,다부지게 생긴
127,,eventually,결국
128,,make one's fortune,거금을 벌다
129,,cattle drive,소몰이
130,,personally,직접， 개인적으로
131,,incredible,대단한， 믿기 어려운
132,,sacrifice,희생
133,,ship,수송하다
134,,argument,주장
135,,charm,매력
136,,,
137,3,unique,고유한， 유일한， 독특한
138,,cosmos,우주
139,,theorize,이론화하다
140,,distinguished,저명한
141,,anthropologist,인류학자
142,,surround,둘러싸다
143,,institution,제도
144,,,
145,4,scuffed,흠집이 난
146,,bounty,선물
147,,shoe shine,구두 닦기
148,,avail oneself of,~을 이용하다
149,,distinctly,참으로， 정말로
150,,indebted,신세를 진， 빚을 진
151,,even the score,빚을 청산하다
152,,shoe tree,구두의 글
153,,polish,광택제
154,,,
155,4강 1,germicide,살균제
156,,deplane,(비행기에서) 내리다
157,,cockpit crew,운항 승무원
158,,rite,의례， 의식. 관례
159,,profession,직업
160,,observe,지키다， 준수하다
161,,distinctive,독특한
162,,superficial,무의미한， 피상적인
163,,knit,결속하다
164,,appropriate,적절한
165,,frame of mind,마음(의) 자세， 사고방식
166,,physician,의사， 내과 의사
167,,scrub,(외과의가) 수술 전에 손을 문질러 씻다; 문질러 씻기
168,,surgical,수술의
169,,procedure,수술. 절차
170,,prolonged,오랫동안의， 장기간의
171,,open to question,의문의 여지가 있는
172,,advent,등장. 출현
173,,delicate,신중을 요하는， 민감한
174,,undeniable,부인할 수 없는， 명백한
175,,first officer,부기장， 부조종사
176,,conduct,실시하다， 집행하다
177,,inspection,점검， 검사
178,,awesome,엄청난
179,,responsibility,책무， 책임
180,,destination,목적지
181,,,
182,2,besetting sin,지속적인 잘못
183,,provoke,"~을 유발하다, 야기하다"
184,,performance-focused,성과 중심의
185,,misguided,잘못 이해한[판단한]
186,,dogged,끈질긴， 완고한
187,,disapproval,비난， 못마땅함
188,,motivation,열의， 동기
189,,criticize,비난하다
190,,excessive,지나친. 과도한
191,,discourage (~from -ing),(~가 ... 할) 의욕[열의]을 꺾다， 막다
192,,paternal,아버지의
193,,appreciate,환영하다， 고마원하다
194,,contaminate,~에 나쁜 영흔떨 미치다
195,,resentment,분노
196,,fault,비난하다， 나무라다
197,,dissatisfaction,불만족
198,,,
199,3,foreign,생소한， 이질적인
200,,a range of,다양한
201,,white-coated,흰 상의를 입은， 흰 웃옷을 입은
202,,reaction,반응， 대응
203,,statement,표현. 진술
204,,equally,마찬가지로， 동시에
205,,,
206,4,civic,"시민의, 도시의"
207,,individualism,개인주의
208,,moderate,절제하다， 조절하다
209,,involvement,관계를 맺음， 관여
210,,philosophy,주의， 인생관
211,,convenience,펀리， 편의
212,,appreciation,이해
213,,mute,약화하다
214,,trait,자질， 특성
215,,deprive ~ of...,~에게서 …을 빼앗다
216,,personally,개별적으로， 직접
217,,anymore,(부정문에서) 이제는， 더 이상
218,,replace,대체하다
219,,perception,인식， 자각
220,,relativity,상대성， 관련성
221,,inherent,"내재하는, 타고난"
222,,undue,과도한. 지나친
223,,rotate,선회하다， 호회전하다
224,,concept,개념
225,,,
226,5,prevalence,만연
227,,fuzzy,애매한
228,,conscious ,의식적인
229,,require,습득하다
230,,by axxident,우연히
231,,rigid,경직된
232,,cross section,단면
233,,,
234,6,replicate,반복하다
235,,term,용어
236,,statistical significance,통계적 유의미성
237,,unfortunate,적절하지 않은， 부적당한
238,,refer to,~을 나타내다
239,,reliably,신뢰할 만하게
240,,occur,발생하다
241,,conduct,행하다
242,,similar,유사한
243,,manner,방식
244,,phrase,말， 어구
245,,assume,추정하다
246,,depending on,~에 따라서
247,,measure,척도
248,,reliability,신뢰도
249,,interpret,해석하다
250,,correctly,정확하게
251,,ensure,툴림없이 ~하게 하다
252,,organization,조직
253,,represent,대표하다
254,,,
255,7,sanity,온전한 정신
256,,free hand,자유재량
257,,grove,(작은) 숲
258,,wilderness,야생 구역
259,,existence,존속， 생존
260,,perceive,인지하다
261,,require,필요로 하다
262,,semiprivate,반사적(半私的)인， 반사용(半私用)의
263,,occupy,차지하다
264,,lot,부지， 지역
265,,function as,~역할을 하다， 기능을 하다
266,,intend,의도하다
267,,,
268,8,squarely,정면으로
269,,head-on,정면으로
270,,process,과정
271,,promotion ,승진
272,,improve,향상하다， 개선하다
273,,seriously,진지하게
274,,treatment,치료법
275,,specialist,전문가
276,,remedy,치료법
277,,prescribe,처방하다
278,,severe,심각한
279,,beneficial,득이 되는
280,,accordingly,그에 맞추어
281,,,
282,5강 1,duct,덕트(공기와 같은 유체가 흐르는 통로)
283,,drafty,외풍이 있는
284,,draperies,긴 커튼
285,,ideal,이상적인
286,,order,순서
287,,preserve,보호하다， 유지하다
288,,instrument,악기
289,,acoustically,음항적으로， 청각적으로
290,,aesthetically,미적으로
291,,ray,광선， 빛살
292,,return (duct),순환 덕트
293,,emergency,비상사태， 위급
294,,waterproof,방수의
295,,include,포함하다
296,,acoustical,음향의， 청각의
297,,consideration,고려 (사항)
298,,thick,두꺼운
299,,wall-to-wall,바닥 전면을 덮는
300,,heavy,(직물 재질이) 두꺼운
301,,sound-absorbing,소리를 흡수하는
302,,,
303,2,submissive,"순종적인, 고분고분한"
304,,theorist,이론가
305,,entrance requirement,진입[입학] 요건
306,,retreat,후퇴
307,,associate,연관시키다
308,,circumstance,상황
309,,retreat,후퇴
310,,associate,연관시키다
311,,circumstance,상황
312,,independence,독립
313,,assertiveness,자기주장이 강함， 단정적임
314,,persistence,끈기
315,,aggressiveness,적극성， 진취
316,,confront,맞서다
317,,perception,지각， 자각
318,,status,지위
319,,optimistic,낙관적인
320,,outcome,결과
321,,pesslmlsm,비관주의
322,,powerless,무력한， 힘없는
323,,,
324,3,theology,"종교적 믿음, 신학"
325,,distorted,왜곡된
326,,attain,얻다
327,,lottery,복권
328,,works,(의로운) 행위， (종교적 · 도덕적) 행위
329,,righteousness,의(義)， 정의
330,,scarce,흐|귀한， 드문
331,,short supply,공급 부족
332,,buy into,~을 옳다고 받아들이다
333,,,
334,4,pathology,(사람의 행동에서) 병적 측면
335,,apocryphal,출처가 불분명한
336,,consequence,결과
337,,have to do with,~와 관련이 있다
338,,pressure,압박， 부담
339,,intellectual,지식인
340,,the Pentagon,미 국방성
341,,conduct,실시하다
342,,feed,(데이터를) ~에 입력하다
343,,derive from,~에서 얻다
344,,weigh,따져보다
345,,digest,이해하다， 소화하다
346,,assure,확신시키다
347,,if anything,오히려， 어느 편인가 하면
348,,root cause,근본 원인
349,,conflict,갈등
350,,drive,"(군대의) 공세, 진격"
351,,working,작용， 작동
352,,ordinary,평범한
353,,,
354,6강 1,imperative,"급선무, 필요성"
355,,entrepreneurial,기업가적인
356,,age,고령화되다; 연령
357,,challenge,"난제, 도전"
358,,drastically,급격히
359,,workforce,노동 인구， 노동력
360,,purchase,구매
361,,big-ticket,돈이 많이 드는
362,,appliance,(가정용) 전기 제품， 기구
363,,preserve,보존하다
364,,asset,자산
365,,set up a business,사업을 시작하다
366,,accumulated,축적된
367,,,
368,2,stoat,담비[북방 족제비]
369,,little spotted kiwi,쇠알락 키위
370,,caretaker,관리인
371,,remote,외딴
372,,keen,"열정적인, 열렬한"
373,,naturalist,동식물 연구가
374,,note,"주목하다, 알아채다"
375,,concern,"염려, 걱정"
376,,impact,영향
377,,desperate,필사적인
378,,flightless,날지 못하는
379,,translocate,이동시키다
380,,mainland,본토
381,,in vain,"허사가 되어, 헛되이"
382,,isolate,"격리하다, 고립시키다"
383,,predator,포식자
384,,occupy,차지하다
385,,vital,"중요한, 필수적인"
386,,extinction,멸종
387,,predation,포식
388,,,
389,3,exemplify,전형적으로 보여주다
390,,orient,지향하게 하다
391,,gene,유전자
392,,foundation,"토대, 기초"
393,,model,원형
394,,identity,정체성
395,,express,표현하다
396,,urge,"욕구, 충동"
397,,attitide,채도
398,,purposeful,목적이 있는
399,,supportive,도와주는
400,,constructive,건설적인
401,,resourceful,(문제 해결을 위해) 유용한
402,,enlist,(도움을) 요청하다
403,,core,핵심
404,,eagerness,열망
405,,respond,반은하다
406,,authoritatively,권위있게
407,,victimize,피해자로 만들다
408,,sighify,"나타내다, 의미하다"
409,,tolerant,"용인하는, 관대한"
410,,comment,"언급, 비평"
411,,fulfilling,성취감을 주는
412,,validate,정당성을 입증하다
413,,,
414,4,represent,나타내다
415,,involve,관련시키다
416,,typically,일반적으로
417,,preference,선호도
418,,compromse,양보하다， 절충하다
419,,maintain,유지하다
420,,adopt,쓰다， 채택하다
421,,attentive,주의를 기울이는
422,,dislike,싫어하는 것
423,,negotiate,협상하다
424,,contribute to,~에 기여하다
425,,construct,구성하다
426,,pnmary,주요한
427,,hygiene,위생
428,,,
429,7강-1,prefer,선호하다
430,,leisure,여가， 레저
431,,generation,세대
432,,aggregator,정보 집계 사이트
433,,preference,선호도
434,,survey,설문 조사하다
435,,compared with,~에 비해
436,,respectively,각각
437,,,
438,2,consumption,소비
439,,sector,부문， 분야
440,,packaging,포장재
441,,construction,건설
442,,textiles,섬유 산업
443,,institutional,영업용의， 대량 소비자용의
444,,transportation,운송， 수송
445,,machinery,기계류
446,,represent,해당하다， 나타내다
447,,account for,~의 비율을 차지하다
448,,,
449,3,Mtoe,석유환산 메가톤 (Million tonnes of oil equivalent)
450,,reglon,지역
451,,proportion,비율
452,,double,두 배로 되다
453,,comprlse,구성하다
454,,amount,양
455,,share,점유율， 몫
456,,significantly,상당히
457,,contribution,기여
458,,triple,세 배가 되 다
459,,meanwhile,한편， 그동안에
460,,account for,~을 차지하다
461,,equivalent,등가물， 동등한 것
462,,,
463,4,destination,행선지， 목적지
464,,overnight,숙박(의)， 일박(의)
465,,reglon,지역
466,,cross-border,국경을 넘는
467,,spending,소비 ， 지출
468,,popularity,인기
469,,ranking,순위
470,,except for,~을 제외하고
471,,immediately,바로 (접하여)
472,,in terms of,~의 면에서
473,,,
474,8강-1,pacifist,평화주의적인
475,,stance,"입장, 태도"
476,,appreciation,사랑하는 마음， 진가를 인정하기， 감상력， 식별(력)
477,,diploma,졸업 증서， 자격증. (학위 · 자격) 증서
478,,illustrate,(책 등에) 삽화를 그리다
479,,lamp shade,전등갓
480,,trade book,일반서
481,,stag,수사슴
482,,legend,전설
483,,,
484,2,burrow,(토끼 등의) 굴
485,,be derived from,~에서 유래되다， 파생되다
486,,shelter,피신하다
487,,disused,사용되지 않는
488,,dig,(구멍 등을) 파다
489,,outrun,~으로부터 달아나다
490,,predator,포식자
491,,freeze,(몸이) 얼어붙다， 움직이지 않다
492,,blend into,(구별이 어렵게) ~와 뒤섞이다
493,,follow a zigzag path,갈지자로 길을 가다
494,,shake off,~을 따돌리다
495,,pursuer,추격자
496,,range,(동식물 따위의) 분포 지역[범위]
497,,breed,번식하다
498,,restrict,제한하다
499,,hierarchy,계급， 위계
500,,pregnant,새끼를 가진[밴]， 임신한
501,,shallow,얕은
502,,line,깔다， 안감을 대다
503,,,
504,6,Boston Athenaeum,보스턴 도서관
505,,dabble,조금 해 보다
506,,reside in,~에 거주하다
507,,mansion,대저택
508,,estate,(보통 시골 지역에 있는 대규모) 사유지[토지]
509,,privately schooled,사립학교 교육을 받은
510,,foster,촉진하다， 기르다
511,,literary,문학의
512,,interest,흥미， 관심
513,,extensive,넓은， 대규모의
514,,verse,운문
515,,chance,우연한， 뜻밖의
516,,encounter,(예상 밖의) 만남， 마주침
517,,collection,소장품， 수집
518,,inspire,영감을 주다， 불어넣다
519,,interval,시기， 기간
520,,profoundly,갚게， 대단히
521,,influence,영향을 주다
522,,aesthetics,미적 가치관， 미적 정서 연구
523,,lifelong,평생의
524,,appreciation,(특히 예술가나 예술 작품에 대한) 평가
525,,correlation,상관관계
526,,longing,갈망， 열망
527,,sum up,요약하다， 압축해서 묘사하다
528,,,
529,7,last,구두 골(발 모양을 본뜬 틀)에 맞추어 구두를 만들다
530,,tack,납작못， 압정
531,,patent,특허를 받다; 특허(권)
532,,be born of,~에게서 태어나다
533,,Surinamese,수리남인(의)
534,,settle,정착하다
535,,for a while,잠시
536,,odd,임시(직)의
537,,device,(기계) 장치， 고안품
538,,productivity,생산성
539,,lead to,"(결과로)~을 가져오다, ~을 유발하다"
540,,concentration,집중
541,,work on,(해결 · 개선하기 위해)~에 공을 들이 다
542,,mechanism,기계 장치
543,,distribute,분류 배치하다
544,,,
545,9강-1,incandescent,백열광을 내는
546,,bolt of lightning,번개
547,,challenge,"난제, 도전"
548,,light bulb,(백열)전구
549,,transform,(완전히)바꿔 놓다
550,,resist,"거부하다, 저항하다"
551,,injustice,"부당성, 불평등"
552,,racial,인종의
553,,prejudice,편경을 갖게 하다
554,,risk,"(위험을) 감수하다, 각오하고 해 보다"
555,,imprisonment,"수감, 투옥"
556,,spark,"유발하다, 촉발하다"
557,,regardless of,~와 상관없이
558,,privileged,특권을 가진
559,,impact,영향
560,,a beam of light,한 줄기의 빛
561,,aha moment,아하 하는 깨달음의 순간
562,,brilliance,탁월
563,,unexpectedly,예상치 못하게
564,,,
565,2,offshoot,"파생물, 갈래"
566,,eclectic,절충적인
567,,minstrel,(중세의) 음유 시인
568,,alienation,소외
569,,approximately,"대략, 개체로, 거의"
570,,commercial,상업적인
571,,instrumental music,기악곡
572,,carry on,전승하다
573,,oral tradition,"구전, 말로 전해지는 전통"
574,,consequently,"따라서, 그 결과"
575,,sacred song,"성가, 찬미가"
576,,tune,"곡조, 곡"
577,,absorb,흡수하다
578,,homegrown,"토착의, 국산의"
579,,heartfelt,마음에서 우러난
580,,declared,"공언된, 공표된"
581,,unmistakable,명백한
582,,,
583,3,busyness,"바쁨, 분주함"
584,,equal,"같다, 마찬가지이다"
585,,accomplish,성취하다
586,,prioritize,"우선적으로 처리하다, 우선순위를 매기다"
587,,determine,결정하다
588,,unconscious,의식하지 못하는
589,,mindlessly,무심코
590,,wonder,궁금해하다
591,,,
592,4,term,용어
593,,genius,"비범한 재능, 천재성, 천재"
594,,trace,"거슬러 올라가다, 추적하다"
595,,natural-born,타고난
596,,original,독창적인
597,,employ,이용하다; 고용하다
598,,confident,"대담한, 확신에 찬"
599,,intuition,직관(력)
600,,access,접근하다
601,,brilliant,"뛰어난, 눈부신"
602,,potential,"잠재력, 잠재적 능력"
603,,inspiration,영감
604,,significance,"의의, 중요성"
605,,invention,"창의력, 독창성; 발명"
606,,establish,(사실을) 규명하다[밝히다]
607,,indicate,"보여 주다, 나타내다"
608,,bring about,"(결과를) 이끌어내다, 유발하다"
609,,conceive,"(생각 · 감정을) 품다, 고안하다"
610,,at pleasure,"하고 싶은 대로, 내키는 대로"
611,,methodically,"체계적으로, 조직적으로"
612,,,
613,5,fad,(일시적인) 유행
614,,trim,"줄이다, 다듬다"
615,,get into shape,몸매를 가꾸다
616,,expectation,기대
617,,out of touch with,~을 알지 못하는
618,,impatience,조급함
619,,effectively,효과적으로
620,,contestant,참가자
621,,imply,넌지시 나타내다
622,,commonplace,아주 흔한
623,,product,제품
624,,waistline,허리둘레
625,,time after time,매번
626,,factor,요인
627,,accept,받아들이다
628,,,
629,6,anonymously,익명으로
630,,reveal,밝히다
631,,video clip,"비디오 클립, 짧은 영상"
632,,semester,학기
633,,statement,진술
634,,incredible,"믿을 수 없는, 놀라운"
635,,accuracy,정확성
636,,make an impression on,~에게 인상을 주다
637,,,
638,7,empathize,공감하다
639,,get off the ground,순조롭게 출발하다
640,,countless,무수한
641,,assign,"부과하다, 할당하다"
642,,alien,외계의
643,,call for,~을 요구하다[필요로 하다]
644,,flexibility,"유연성, 융통성"
645,,encounter,"접하다, 맞닥뜨리다"
646,,consequence,결과
647,,cultivate,"함양하다, 경작하다"
648,,enliven,더 생동감 있게 하다
649,,envision,상상하다
650,,,
651,8,pang,고통
652,,persuasion,설득
653,,from square one,처음부터
654,,afford,~을 살 형편이 되다
655,,break it[the news] to,~에게 (안 좋은) 소식을 알리다
656,,concern,"관심, 염려"
657,,home appliance,가전제품
658,,be unlikely to do,~하지 않을 것 같다
659,,craft,공들여 만들다
660,,pass up,~의 기회를 놓치다
661,,pick up,"~을 집어 들다, ~을 구매하다"
662,,purchase,구매; 구매하다
663,,flip through,~을 훑어보다
664,,take ~ for granted,~을 당연하게 여기다
665,,comparison,비교
666,,competition,경쟁 (상대)
667,,not necessarily,반드시 ~은 아닌
668,,,
669,9강-1,stature,"위상, 지명도"
670,,consensus,"(의견 따위의) 합의, 일치"
671,,to the contrary,그 반대를 보여 주는[증명하는]
672,,rock the boat,"분쟁을 일으키다, 평지풍파를 일으키다"
673,,panel,"전문가 집단, 패널"
674,,enormous,엄청난
675,,relevance,"적합성, 관련성"
676,,effectiveness,"유효성, 효과"
677,,deviate,벗어나다
678,,course of action,행동 방침
679,,alternative,대안
680,,cohesive,단결된
681,,urge,"충동, 욕구"
682,,discord,"의견 충동, 다툼"
683,,,
684,2,threshold,"문턱, 한계점"
685,,billow,물결치다
686,,chirp,찍찍거리다
687,,temperature,온도
688,,species,종
689,,at the height of,~가 한창일 때
690,,meadow,목초지
691,,habitat,서식지
692,,orchestral,오케스트라의
693,,backdrop,배경
694,,soundscape,음악적 파노라마
695,,by no means,결코 ~이 아닌
696,,constant,지속적인
697,,decent,제대로 된
698,,barely,거의 ~ 아니게
699,,tiny,작은
700,,squeak,찍찍하는 소리
701,,regulate,조절하다
702,,movement,움직임
703,,result in,~라는 결과를 일으키다
704,,vibration,진동
705,,frequency,주파수
706,,tone,"음조, 억양"
707,,pitch,음의 높이
708,,,
709,3,cadre,"간부, 핵심그룹"
710,,corporation,"회사, 기업"
711,,dictate,"좌우하다, 지시하다"
712,,conformity,순응
713,,subtle,"미묘한, 교묘한"
714,,irresistible,저항할 수 없는
715,,keyed to,~에 맞춰진
716,,public relations,"홍보, 섭외"
717,,secure,"보장되는, 안전한"
718,,stockholder,주주
719,,rebellion,"반란, 저항"
720,,sweep out,~을 쓸어내다
721,,,
722,4,quantification,수량화
723,,refuse,거부하다
724,,admit,인정하다
725,,limitation,"제한점, 한계"
726,,imitate,모방하다
727,,physical science,자연 과학
728,,impression,인상
729,,profound,"철저한, 깊이 있는"
730,,subject matter,주제
731,,prejudice,편견
732,,when all is said and done,모든 것을 고려해 보면
733,,in vain,헛된
734,,primarily,주로
735,,matematical,수학적인
736,,end,목적
737,,in itself,그 자체로
738,,means,수단
739,,namely,"즉, 다시 말해서"
740,,precise,정확한
741,,rationally,합리적으로
742,,,
743,5,orthodoxy,"정설, 통설"
744,,heterodoxy,"이설, 비정통적 학설"
745,,consist of,~로 구성되다
746,,linked,연관된
747,,stock,"축적, 저장"
748,,define,정의하다
749,,commonsense,상식적인
750,,perceptible,인지할 수 있는
751,,span,"기간, 시간"
752,,fundamental,근본적인
753,,assumption,"전제, 가정"
754,,morality,도덕(성)
755,,evaluate,~을 평가하다
756,,be subject to,~을 받기[당하기] 쉽다
757,,vivid,생생한
758,,illustration,"(무엇을 설명하기 위한) 실례, 보기"
759,,extent,"정도, 범위"
760,,observation,"의견, 비평"
761,,eliminate,없애다
762,,tribe,부족
763,,without a blink,"아무렇지도 않게, 태연히"
764,,seek to do,~하려고 노력하다
765,,make an issue out of,~을 문제삼다
766,,whooping crane,미국흰두루미
767,,timber wolf,(북미 · 캐나다 삼림 지대의) 얼룩이리
768,,exotic,"외래의, 이국적인"
769,,,
770,6,orator,연설가
771,,innate,타고난
772,,musicality,음악성
773,,inherit,물려받다
774,,hardwired,(능력 · 자질 등이) 타고나는
775,,basically,기본적으로
776,,conception,개념
777,,minimally,최소한도로
778,,beat a rhythm,장단을 맞추다
779,,accurately,정확하게
780,,attain,성취하다
781,,proficiency,"숙달, 능숙함"
782,,equally,동등하게
783,,,
784,7,intriguingly,흥미롭게
785,,lay out,(계획 · 주장 등을 잘 정리하여) 제시하다
786,,outcome,결과
787,,disturbing,"충격적인, 불안감을 주는"
788,,crisis,위기
789,,otherwise,"다른 방법으로, 다르게"
790,,resolve,해결하다
791,,nevertheless,그럼에도 불구하고
792,,trigger,유발하다
793,,ally,동맹국
794,,potential,"가능성, 잠재력"
795,,arguably,아마도 필경
796,,,
797,8,the deceased,고인
798,,foetal,태아의
799,,mummification,미라화
800,,gradual,점진적인
801,,burial,매장
802,,preference,"선호함, 선호하는 것"
803,,artificial,인공적인
804,,preservation,보존
805,,practise,"시행하다, 실천하다"
806,,the Christian era,서기
807,,dehydrate,"수분을 제거하다, 건조시키다"
808,,feature,"특징, 용모, 생김새, 특집"
809,,corpse,시체
810,,afterlife,"사후 세계, 내세"
811,,sophisticated,"정교한, 세련된"
812,,elaborate,"공들인, 정교한"
813,,tomb,"무덤, 묘"
814,,monument,(건물 · 동상 등의) 기념물
815,,rebirth,"환생, 부활"
816,,fundamental,"매우 중요한, 핵심적인"
817,,in readiness for,~에 대비하여
818,,Osiris,오시리스(저승을 지배하는 신)
819,,,
820,11강-1,enmity,증오
821,,do an about-face,갑자기 태도를 바꾸다
822,,be about to do,(막) ~하려는 참이다
823,,be obsessed with,~에 사로잡히다
824,,potential,잠재력
825,,obviously,"분명히, 확실히"
826,,steer,"이끌다, 나아가게 하다"
827,,suggest,"(넌지시) 말하다, (뜻을) 비치다"
828,,deprive ~ of …,~에게서 ···을 빼앗다[박탈하다]
829,,stuff,"자질, 재능"
830,,risk,위험을 무릅쓰다; 위험(성)
831,,run the risk of,~의 위험을 무릅쓰다
832,,to one's credit,~을 칭찬할 만하게
833,,,
834,2,dry,"무뚝뚝한, 감정을 나타내지 않는"
835,,noticeable,"뚜렷한, 두드러진"
836,,appreciatively,고맙다는 듯이
837,,instantly,"곧, 즉시"
838,,vanish,사라지다
839,,artful,"솜씨 좋은, 기교가 뛰어난"
840,,blend,"섞여 있는 것, 조합"
841,,suspect,"생각하다, 추측하다"
842,,celebrated,유명한
843,,,
844,3,horse and buggy,말 한 필이 끄는 마차
845,,tight,인색한
846,,occasion,"때, 경우"
847,,carpenter,목수
848,,miser,"구두쇠, 수전노"
849,,shed,"(간이)창고, 차고"
850,,motor about,차를 타고 다니다
851,,put up,넣어 두다
852,,trot,(말을 탄 사람이) 속보로 가다
853,,,
854,4,kaiser,황제
855,,monarch,"황제, 군주"
856,,conventional,"극히 평범한, 진부한"
857,,particularly,특별히
858,,insightful,통찰력 있는
859,,opposite,정반대의 사람[것]
860,,recognize,인정하다
861,,dynasty,왕조
862,,midly,"가볍게, 부드럽게"
863,,final say,최종 결정권
864,,defence,국방
865,,exert,발휘하다
866,,domestic,국내의
867,,affair,"문제, 일"
868,,,
869,12강-1,notice,알아차리다
870,,schema,스키마(정보를 통합하고 조직화하는 인지적 개념이나 틀)
871,,evaluate,평가하다
872,,persuasive,설득력이 있는
873,,involved in,~와 관련이 있는
874,,entertainment business,연예계
875,,charisma,"사람들을 휘어잡는 매력, 카리스마"
876,,illustrate,(분명히) 보여 주다
877,,encounter,마주치다
878,,trait,"특징, 특성"
879,,determine,결정하다
880,,chronically,항상
881,,accessible,사용할 수 있는
882,,frequently,자주
883,,activate,활성화하다
884,,likelihood,가능성
885,,apply,적용하다
886,,stimulus,자극
887,,,
888,2,gregarious,남과 어울리기 좋아하는
889,,tautology,유의어 반복
890,,setting,"장소, 환경"
891,,opportunity,기회
892,,crowd,군중
893,,contact,접촉
894,,elaborate,상세히 설명하다
895,,convincingly,"설즉력 있게, 납득이 가도록"
896,,label ~ as …,~을 ···라고 부르다[분류하다]
897,,instinct,본능
898,,proportion,비율
899,,,
900,3,languid,나른한
901,,punctuate,간간이 끼어들다
902,,prolifically,다작 면에서
903,,widespread,널리 퍼진
904,,stillness,고요함
905,,calmness,평온함
906,,convinced,확신하는
907,,distraction,"마음을 산만하게 하는 것, 주의 산만"
908,,sip,(음료를) 조금씩 마시다
909,,setting,환경
910,,thereafter,그 후에
911,,orchestrate,"(조화롭게) 짜다, 편성하다"
912,,minute-by-minute,분 단위의
913,,slot,시간대
914,,extreme,"매우 격한, 극단의"
915,,wired,"긴장한, 흥분한"
916,,nap,낮잠을 자다
917,,be onto something,(대단한) 무언가를 알아내다
918,,attempt to do,~하려고 시도하다
919,,,
920,4,rein,"통제건, 고삐"
921,,particularly,특히
922,,trying,"힘든, 괴로운"
923,,improvement,"향상, 개선"
924,,macrocosmic,대우주의
925,,microcosmic,소우주의
926,,authoritatively,위압적으로
927,,impose,강요하다
928,,consciousness,의식
929,,inhabitant,거주다
930,,collectively,"집단으로, 집합적으로"
931,,band,"단결하다, 끈으로 묶다"
932,,entail,수반하다
933,,iron,(쇠처럼) 강한
934,,resolve,결심
935,,lead the charge,기꺼이 노력하다
936,,,
937,5,oracle,"신탁, 신의 말씀"
938,,mythology,신화
939,,gauge,"판단하다, 추정하다"
940,,wage,"(전쟁 · 전투 등을) 수행하다, 벌이다"
941,,comprise,구성되다
942,,structured,구조화된
943,,respondent,응답자
944,,modify,"수정하다, 바꾸다"
945,,anonymous,익명의
946,,conform,"따르다, 순응하다"
947,,consensus,"합의, 의견 일치"
948,,,
949,6,sociology,사회학
950,,structure,구조
951,,push ~ around,~을 위력으로 강제하다
952,,influence,영향을 끼치다
953,,career,직업
954,,affect,영향을 끼치다
955,,readily,쉽게
956,,architect,건축가
957,,admit,입학을 허락하다
958,,barrier,"장벽, 장애물"
959,,undergraduate,학부생
960,,racial bias,인종 편견
961,,innate,선천적인
962,,be open to,~을 기꺼이 받아들이다
963,,perspective,관점
964,,,
965,7,veneration,숭배
966,,tradition,"전통, 전설"
967,,origin,기원
968,,phenomenon,"현상, 놀라운 일이나 사물 (pl. phenomena)"
969,,mythological,"신화의, 가공의"
970,,figure,"인물, 모습, 숫자"
971,,personification,의인화
972,,manifestation,"현시, 모습을 드러냄"
973,,stimulate,"자극하다, 촉진하다"
974,,personify,"의인화하다, 인격화하다"
975,,primary,"처음의, 근원적인, 주요한"
976,,elementary,"기초적인, 기본적인"
977,,capability,"능력, 역량"
978,,personal,"(물건과 구별하여) 인격적인, 사람의"
979,,impersonal,"인격을 갖지 않은, 개인과 관련이 없는"
980,,formation,형성
981,,elaboration,"정교화, 정교하게 만듦"
982,,respective,각각의
983,,predominance,"지배, 우위, 우세"
984,,,
985,8,airwaves,방송 전파
986,,conglomerate,대기업
987,,diverse,다양한
988,,civic,시민의
989,,integral,(전체를 구성하는 일부로서) 필수적인
990,,legitimately,"합법적으로, 정당하게"
991,,noncommercial,비상업적인
992,,alternative,대안적인
993,,transnational,초국가적인
994,,,
995,,battery cage,(촘촘히 이어진) 닭장
996,,agoraphobia,광장공포증
997,,well disposed,호의적인
998,,determine,"밝혀내다, 알아내다"
999,,to one's surprise,놀랍게도
1000,,confine,"가두다, 제한하다"
1001,,run,방목장
1002,,be deprived of,~을 박탈당하다
1003,,curl up,몸을 웅크리다
1004,,terrified,겁에 질린
1005,,rehabilitate,복귀시키다
1006,,,
1007,10,timeless,시대를 초월하는
1008,,cyclical,"순환하는, 주기적인"
1009,,establish,"확립하다, 설정하다"
1010,,span,(얼마의 기간에) 걸치다
1011,,renewed,"새로워진, 재개된"
1012,,advance,"발전, 진전"
1013,,mask,"감추다, 가리다"
1014,,underlying,"근원적인, 밑에 있는"
1015,,fundamentally,"근본적으로, 기본적으로"
1016,,inherently,본질적으로
1017,,in effect,"사실상, 실제로는"
1018,,cognitive,"인지의, 인식의"
1019,,indefinitely,무기한으로
1020,,,
1021,11,agnostic,관련이 없는
1022,,deem,~라고 생각하다[여기다]
1023,,manufacturing,제조업
1024,,term,용어
1025,,wholly owned,(회사가 다른 기업에 의해) 전액[100%] 출자된
1026,,favility,시설
1027,,offshore,해외의
1028,,appliance,가전제품
1029,,sheet metal,판금
1030,,fabrication,구조물
1031,,source,"(특정한 곳에서 무엇을) 얻다, 공급자를 찾다"
1032,,fundamentally,기본적으로
1033,,independent of,"~와는 관계없이, ~와는 별도로"
1034,,in question,"문제의, 논란이 되고 있는"
1035,,as opposed to,"~라기보다, 대신에"
1036,,regarding,~에 관하여
1037,,,
1038,12,colleague,동료
1039,,perform,수행하다
1040,,experimenter,실험자
1041,,indicate,"표시하다, 보여 주다"
1042,,ignore,무시하다
1043,,preference,선호
1044,,randomly,임의로
1045,,assign,배치하다
1046,,supposedly,"어쩌면, 아마"
1047,,pass over,~을 무시하다
1048,,in high demand,아주 인기가 있는
1049,,exclude,제외[배제]하다
1050,,self-esteem,자존감
1051,,involve,포함하다
1052,,momentary,"매 순간의, 시시각각의"
1053,,extent,정도
1054,,approve of,"~을 좋다고 인정하다, ~을 괜찮다고 생각하다"
1055,,,
1056,13강-1,vet,심사하다
1057,,cartoon,만화
1058,,portray,묘사하다
1059,,loner,외톨이
1060,,lab coat,실험실 가운
1061,,isolated,"외딴, 격리된, 고립된"
1062,,intensely,매우
1063,,include,포함하다
1064,,graduate,대학원의
1065,,undergraduate,"학부생의, 대학생의"
1066,,community,"집단, 사회"
1067,,peer,동료
1068,,publication,출판(물)
1069,,publish,"발표하다, 출판하다"
1070,,inquiry,"연구, 조사"
1071,,,
1072,2,immune,면역(성)의
1073,,foreign,"외래의, 이질적인"
1074,,invader,침입자
1075,,preserve,보존하다
1076,,integrity,"완전한 상태, 온전함"
1077,,antibody,항체
1078,,hostile,적대적인
1079,,adolescence,청소년기
1080,,vulnerability,취약성
1081,,autoimmune,자가면역의
1082,,tissue,(세포들로 이뤄진) 조직
1083,,incidence,"발병률, 발생률"
1084,,,
1085,3,patron,"후원자, 고객"
1086,,intention,의도
1087,,appreciate,감상하다
1088,,isolated,고립된
1089,,reaction,반응
1090,,take pains,"공을 들이다, 애를 쓰다"
1091,,concerning,~에 관하여[관한]
1092,,framing,"고안, 구상"
1093,,presentation,"표현, 제시"
1094,,for the benefit of,~을 위하여
1095,,particular,"꼼꼼한, 까다로운"
1096,,lighting,"명암, 조명"
1097,,judgment,판단
1098,,perception,"지각, 인식"
1099,,generate,생성하다
1100,,approximation,"비슷한[가까운]것, 근사치"
1101,,,
1102,4,dais,"(식당의) 상단, (귀빈용) 높은 자리"
1103,,historically,역사적으로
1104,,costly,비싼
1105,,consumption,"체내 섭취, 소비"
1106,,be linked to,~와 연관되다
1107,,status,지위
1108,,medieval,중세의
1109,,rigid,엄격한
1110,,hierarchy,"계급, 계층"
1111,,dine,식사를 하다
1112,,royalty,왕족
1113,,nobility,귀족
1114,,position,(~위치에) 두다
1115,,inferior,"지위가 낮은 사람, 하급자"
1116,,privilege,특권
1117,,grant,"주다, 허락하다"
1118,,access,"접근, 이용"
1119,,divide,구분
1120,,refer to,~을 가리키다
1121,,rank,지위
1122,,acceptable,받아들여지는
1123,,,
1124,5,hunk,덩어리
1125,,tiny,아주 작은
1126,,infinite,무한한
1127,,atom,원자
1128,,molecule,분자
1129,,copper,구리
1130,,electricity,전기
1131,,matter,중요하다
1132,,,
1133,6,plasticity,"가소성, 유연성"
1134,,dyslexia,난독증
1135,,evidence,증거
1136,,heal,치료하다
1137,,amazingly,놀랍게도
1138,,stroke,"뇌졸중, 발작"
1139,,restrain,억제하다
1140,,apparently,겉으로 보기에
1141,,control,통제하다
1142,,limb,"팔, 다리, 손발, 수족"
1143,,impairment,장애
1144,,enable,가능하게 하다
1145,,protect,방어하다
1146,,age decline,노화
1147,,,
1148,7,aspect ratio,"영상비, 화상[영상]의 가로 세로의 비"
1149,,inductive sequencing,근접 촬영 장면 연결법
1150,,receiver,수상기
1151,,relatively,상개적으로
1152,,HDTV,고해상도의 TV (high-definition television)
1153,,readily,즉시
1154,,apparent,명백한
1155,,emphasize,강조하다
1156,,landscape,풍경
1157,,impact,효과
1158,,proper,적절한
1159,,conversion,전환
1160,,aesthetic,"미적인, 미를 살려 만든"
1161,,surround sound,"입체 음향, (오디오의) 서라운드 사운드"
1162,,,
1163,8,verge,길가(도로변)
1164,,centre median,중앙분리대
1165,,revegetation,재녹화
1166,,put in place,(법 · 규정 등을) 시행하다
1167,,resultant,"결과로서 생기는, 그에 따른"
1168,,tree line,수목한계선
1169,,landscape,"경관, 풍경"
1170,,set back,"저지하다, 방해하다"
1171,,visibility,"가시성, 시정"
1172,,discourage,"(어렵게 만들거나 반대하여) 막다, 말리다"
1173,,carriageway,"차로, 차도"
1174,,vegetative,식물의
1175,,cover,(어떤 지역에서 자라는) 초목
1176,,extend,"퍼지다, 뻗다, 이르다, 미치다"
1177,,junction,교차로
1178,,roundabout,로터리
1179,,interchange,(고속도로) 분기점
1180,,fatal,"치명적인, 죽음을 초래하는"
1181,,proximity,"근접, 가까움"
1182,,,
1183,14강-1,cacophony,불협화음
1184,,summer solstice,하지
1185,,habitat,서식지
1186,,a variety of,다양한
1187,,drown out,~을 들리지 않게 하다
1188,,adequately,"제대로, 적절하게"
1189,,appreciate,"구분하다, 인식하다"
1190,,relative to,~와 관련된
1191,,precisely,정확하게
1192,,definable,정의될 수 있는
1193,,constantly,계속
1194,,ideal,"이상적인, 완벽한"
1195,,genuine,진정한
1196,,replacement,대체(물)
1197,,observe,"지키다, 준수하다"
1198,,relative to,상대적인
1199,,time slot,시간대
1200,,astonishing,놀라울 정도의
1201,,accuracy,정확성
1202,,,
1203,2,premise,전제
1204,,elicit,끌어내다
1205,,with reference to,~와 관련하여
1206,,variable,"변수, 변하기 쉬운것; 변하기 쉬운"
1207,,intensity,"강렬함, 강도"
1208,,state the obvious,당연한[말할 필요도 없는] 것을 말하다
1209,,countless,수많은
1210,,commercial,"상업의; (라디오, TV, 온라인) 광고"
1211,,solely,"오로지, 혼자서"
1212,,compress,압축하다
1213,,experiment,실험
1214,,conduct,수행하다
1215,,expose,"접하게 하다, 노출시키다"
1216,,on the order of,대략 ~ 정도로
1217,,frequency,"주파수, 빈도"
1218,,auditory,청각의
1219,,high-pitched,"높은음의, (소리가) 날카로운"
1220,,pause,"휴지, 중지, 쉼"
1221,,reduction,"줄임, 감소, 축소"
1222,,vowel,모음(의)
1223,,pitch,음의 높이
1224,,recall,"회상, 기억"
1225,,,
1226,3,species,(물리) 핵종(=nuclide)
1227,,radionuclide,방사성 핵종
1228,,recovery,"회수, 재생, 회복"
1229,,substitute,대체하다
1230,,disposal,폐기
1231,,radioactive,방사성의
1232,,due to,~때문에
1233,,inherent,"내재하는, 고유의"
1234,,contaminate,오염시키다
1235,,presume,상정하다
1236,,compound,화합물
1237,,hence,따라서
1238,,constituent,성분
1239,,seal,밀봉하다
1240,,radioactive source,방사선원[방사선을 방출하는 물질]
1241,,immobilize,고정시키다
1242,,dispose of,~을 처리하다
1243,,,
1244,4,transparency,투명(성)
1245,,affordance,행동 유도성(특정 행위를 하게 하는 사물의 특성)
1246,,picture window,전망창
1247,,afford,"~을 할 수 있다, ~할 여유가 있다"
1248,,block,막다
1249,,atomic,원자의
1250,,particle,"미립자, 극히 작은 조각"
1251,,prevention,"막음, 방지"
1252,,prerceivable,감지할 수 있는
1253,,pose,(문제 등을) 제기하다
1254,,relative,상대적인
1255,,invisibility,"불가시성, 보이지 않음"
1256,,aspect,"측면, 양상"
1257,,property,"특성, 성질"
1258,,numerous,"수많은, 다수의"
1259,,injure,부상을 입히다
1260,,perceive,"감지하다, 지각하다"
1261,,means,"수단, 방법"
1262,,signal,(신호로) 알리다
1263,,presence,"존재, 있음"
1264,,,
1265,5,bland,"부르러운, 건조한"
1266,,context,상황
1267,,formula,"형식적인[상투적인] 문구, 공식"
1268,,function,기능
1269,,appropriate,적절한
1270,,verbally,"구두로, 말로"
1271,,transaction,"교류, 거래"
1272,,choice,"(특히 음식이) 아주 질 좋은, 고급의"
1273,,aspect,측면
1274,,ritual,"(의식적) 행사, 풍습"
1275,,urge,권유하다
1276,,seconds,(방금 먹은 음식으로) 한 그릇 더[두 그릇째]
1277,,,
1278,6,ritualistic,"의식의, 의례적인"
1279,,superstition,미신
1280,,hypothesis,가설
1281,,regardless of,~와 상관없이
1282,,release,"방출, 배출"
1283,,explanation,설명
1284,,phenomenon,현상
1285,,accidental,우연한
1286,,pair,짝을 짓다
1287,,early on,초기에
1288,,reinforce,강화하다
1289,,particular,특정한
1290,,,
1291,7,individuate,개별화하다
1292,,constituent,"성분, 구성요소"
1293,,ontological,존재론상의
1294,,domain,"영역, 범위"
1295,,concrete,구체적인
1296,,entity,"실체, 실재물"
1297,,substance,물질
1298,,property,"속성, 성질"
1299,,fundamentally,근본적으로
1300,,criterion,기준 (pl. criteria)
1301,,notion,개념
1302,,identity,동일성
1303,,in its entirety,"전부, 통째로"
1304,,distinctive,"구별되는, 특색 있는"
1305,,wholeness,전체
1306,,scattered,"흩어진, 산발적인"
1307,,existence,존재
1308,,portion,"부분, 일부"
1309,,physical,물질적인
1310,,extension,"외연, 확장"
1311,,category,범주
1312,,,
1313,8,intimidating,"위협적인, 겁을 주는"
1314,,repression,"억압, 탄압"
1315,,indigenous,"고유한, 토착의"
1316,,revive,되살리다
1317,,admirable,존경[감탄]스러운
1318,,reverse,반전시키다
1319,,hostility,"적대, 적의"
1320,,dominant,지배적인
1321,,brutal,잔인한
1322,,intense,"극심한, 치열한"
1323,,airwaves,"방송 전파, 채널"
1324,,mainstream,주류의
1325,,tide,흐름
1326,,lifeline,(물에 빠진 사람 등에게 던져 주는) 구명 밧줄
1327,,adopt,채택하다
1328,,revitalize,"새로운 활력을 주다, 재활성화하다"
1329,,retain,유지[보유]하다
1330,,,
1331,15강-1,ostracism,배척
1332,,retention,보유
1333,,exclude,배제하다
1334,,range from ~ to …,~부터 ···까지 다양하다
1335,,conform to,~에 순응하다
1336,,respond to,~에 대응하다
1337,,in response to,~에 대한 대응으로
1338,,guide,유도하다
1339,,motive,동기
1340,,reject,거부하다
1341,,perception,인식
1342,,subsequent,이후의
1343,,relevant,"관련이 있는, 적절한"
1344,,consistent with,"~와 일치하는, ~와 조화되는"
1345,,group setting,집단 환경
1346,,sensitive,민감한
1347,,observe,"알다, 알아채다, 관찰하다"
1348,,belongingness,귀속
1349,,,
1350,2,intricate,복잡한
1351,,onslaught,맹공격
1352,,fascinating,매우 흥미로운
1353,,mindfulness,"주의 깊음, 유념함"
1354,,thrive,"성공하다, 번영하다"
1355,,permanently,영구적으로
1356,,autopilot,자동조종장치
1357,,self-described,자칭
1358,,what is called,"소위, 이른바"
1359,,neuroscience,신경 과학
1360,,be plugged in,접속된 상태로 있다
1361,,cognitive,인지적인
1362,,toward,지향하는
1363,,engagement,참여
1364,,reinforce,강화하다
1365,,,
1366,3,sea squirt,멍게
1367,,sperm and egg,정자와 난자
1368,,tadpole,올챙이
1369,,obvious,"분명한, 명백한"
1370,,drift,"흘러 다니다, 떠돌아다니다"
1371,,settle down,정착하다
1372,,larva,"유충, 애벌레 (pl. larvae)"
1373,,advantage,"이득, 이점"
1374,,ocean current,해류
1375,,colony,"(생무의) 군집, 식민지"
1376,,scatter,"(뿔뿔이) 흩어버리다, 흩뿌리다"
1377,,attach,"붙이다, 부착하다"
1378,,mate,짝짓기를 하다
1379,,jam,"채워 넣다, 쑤셔 넣다"
1380,,,
1381,4,bowl over,~에게 강한 인상을 주다
1382,,obnoxious,아주 불쾌한
1383,,appraisal,평가
1384,,halo effect,후광 효과
1385,,attitude,태도
1386,,aspect,"모습, 양상"
1387,,get away with,~을 (처벌 없이) 그냥 넘어가다
1388,,turn sour,"틀어지다, 잘못되다"
1389,,noble,고결한
1390,,unconsciously,무의식적으로
1391,,trait,특성
1392,,perception,인식
1393,,first impression,첫인상
1394,,positive,긍정적인
1395,,trustworthy,신뢰할 수 있는
1396,,color,영향을 끼치다
1397,,noticeable,두드러진
1398,,fulfilling,"만족스러운, 성취감을 주는"
1399,,measurement,측정치
1400,,fall short,"미흡하다, 기대에 미치지 못하다"
1401,,,
1402,5,frothing,거품 일기
1403,,aptly,적절히
1404,,mixture,혼합(물)
1405,,soluble,용해성이 있는
1406,,hazard,위험
1407,,the bends,잠수병(잠수부가 너무 빨리 수면 밖으로 올라올 때 겪게 되는 극심한 호흡 곤란과 관절 통증 등의 증상)
1408,,bubble,거품; 거품이 일다
1409,,straighten up,자세를 똑바로 하다
1410,,substitute,"대체하다, 대신하다"
1411,,dissolve,"용해되다, 녹다"
1412,,solution,"용액, 용해"
1413,,nitrogen,질소
1414,,bloodstream,혈류
1415,,joint,관절
1416,,,
1417,6,erode,침식시키다
1418,,clamor,아우성치다
1419,,net,순
1420,,property,"토지, 부동산"
1421,,preventive,예방의
1422,,beneath,밑으로
1423,,Royal Commission,왕립위원회(영국에서 특정 법률의 검토 · 개정 · 도입을 논의하기 위한 정부 자문 위원회)
1424,,prove,입증하다
1425,,cliffland,절벽인 땅
1426,,open,"(사방이) 탁 트인, 막혀[둘러싸여] 있지 않은"
1427,,spectacular,극적인
1428,,non-geologist,지질학자가 아닌 사람
1429,,cliff,절벽
1430,,erosional process,침식 작용
1431,,at work,(~을) 하고 있는
1432,,,
1433,7,isotropic,등방성(물질의 특성이 방향에 따라 달라지지 않는 성질)의
1434,,solid,고체(의)
1435,,cohere,응집하다
1436,,distort,"변형하다, 일그러뜨리다"
1437,,to some degree,어느 정도
1438,,elastic,탄성이 있는
1439,,in the main,대체로
1440,,accelerate,"속력이 더해지다, 빨라지다"
1441,,apply,"(힘 · 압력 · 열을) 가하다, 적용하다"
1442,,liquid,액체(의)
1443,,in this respect,이 점에 있어서
1444,,adapt,"(새로운 상황에 따라) 바꾸다, 적응시키다"
1445,,vessel,"용기, 그릇"
1446,,immerse,(액체에) 담그다
1447,,give way to,"~에 길을 내주다, ~에게 양보하다"
1448,,subject to,~에 영향을 받는
1449,,convert ~ into …,~을 ···으로 전환[변환]하다
1450,,unconstrained,"구애되지 않는, 구속받지 않는"
1451,,leak,"새어 나오다, 새다"
1452,,with facility,"순조로이, 용이하게"
1453,,head of water,수압
1454,,bear down on,"~을 압박하다, ~을 내리누르다"
1455,,,
1456,8,intriguing,호기심을 자아내는
1457,,depict,"묘사하다, 그리다"
1458,,interpret,해석하다
1459,,subjectivity,주관성
1460,,integral,"필수적인, 없어서는 안 될"
1461,,comprehensive,"포괄적인, 종합적인"
1462,,abstract,추상적인
1463,,straightforward,"간단한, 직접의"
1464,,portrait,초상화
1465,,hold true,"진실이다, 유효하다"
1466,,,
1467,16강-1,saliva,침
1468,,browse,(잎 등을) 뜯어 먹다
1469,,suppose,"생각하다, 추정하다"
1470,,beech,너도밤나무
1471,,bud,"싹, 꽃봉오리"
1472,,compound,"화합물, 혼합물"
1473,,investigate,조사하다
1474,,roe deer,노루
1475,,drip,뚝뚝 떨어뜨리다
1476,,apply,바르다
1477,,simulate,"모의실험하다, 가장하다"
1478,,presence,"존재, 참석"
1479,,salicylic acid,살리실산
1480,,,
1481,2,remnant,"자취, 나머지"
1482,,linguist,언어학자
1483,,descend,"유래하다, 내려오다"
1484,,range,범위
1485,,indicate,"보여 주다, 나타내다"
1486,,allow for,"~을 허락하다, ~을 가능하게 하다"
1487,,make an estimate,추정하다
1488,,genetics,유전학
1489,,be descended from,"~에서 유래되다, ~와 관련되다"
1490,,path,경로
1491,,ancestral,조상의
1492,,assume,"여기다, 추정하다"
1493,,migration,"이주, 이동"
1494,,,
1495,3,disdain,경멸
1496,,parental,부모의
1497,,react,반응하다
1498,,negative,부정적인
1499,,formative years,성격 형성기[어린 시절]
1500,,constant,"불변하는 것, 상수"
1501,,take place,"일어나다, 발생하다"
1502,,defensively,방어적으로
1503,,originate,"비롯되다, 유해하다"
1504,,fundamentally,근본적으로
1505,,normal,정상의
1506,,fuss,소란
1507,,hostility,적대감
1508,,decline,"퇴보, 쇠퇴, 감소"
1509,,,
1510,4,innumerable,무수한
1511,,in the interests of,~을 위하여
1512,,common ownership,공유권
1513,,inventory,목록
1514,,constitute,구성하다
1515,,national defense,국방
1516,,publication,공개(물)
1517,,genome,게놈(세포나 생명체의 유전자 총체)
1518,,rage,"맹렬히 계속되다, (계속) 맹위를 떨치다"
1519,,sponsorship,(재정적) 후원[협찬]
1520,,suspend,유보(유예)하다
1521,,,
1522,17강1-2,recede,약해지다
1523,,retrieve,"(기억을) 불러오다, 상기하다"
1524,,organize,구조화하다
1525,,store,저장하다
1526,,influence,영향을 끼치다
1527,,ordinary,평범한
1528,,glance,흘낏 보다
1529,,due to,~때문인
1530,,complex,복잡한
1531,,as a general rule,일반적으로
1532,,in terms of,~와 관련해서
1533,,recall,생각나게 하다
1534,,entire,전체의
1535,,accurately,정확하게
1536,,arrange,배열하다
1537,,chunk,덩어리
1538,,input,입력 내용
1539,,decline,쇠퇴하다
1540,,psychologist,심리학자
1541,,unit,단위
1542,,experiment,실험
1543,,radomly,무작위로
1544,,feat,"공적,재주"
1545,,reduce,환원하다
1546,,effectively,효과적으로
1547,,correct,올바른
1548,,,
1549,3-4,appendage,(손 · 발 등) 부속기관
1550,,propensity,"성향, 경향"
1551,,novelty,"새로운 것, 새로움"
1552,,engage with,~와 관계를 맺다
1553,,evolutionary,"진화의, 진화적인"
1554,,consistently,"계속해서, 끊임없이"
1555,,notice,알아차리다
1556,,immature,미성숙한
1557,,release,표출하다
1558,,migration,"이주, 이동"
1559,,fade,"약해지다, 희미해지다"
1560,,established,확립된
1561,,compel ~ to do,"~가 …하게 만들다, 강요하다"
1562,,unfamiliar,"익숙하지 않은, 생소한"
1563,,odds,가능성
1564,,parenthood,부모임
1565,,metaphor,"암시하는 것, 은유"
1566,,congnitive,인지의
1567,,explorer,탐험가
1568,,reach,"거리, 범위"
1569,,take over,"장악하다, 인수하다"
1570,,indeed,"사실, 확실히"
1571,,alert to,~에 방심하지 않는
1572,,infant,"젖먹이, 유아"
1573,,preference,선호
1574,,cope with,~에 대처하다
1575,,genetics,"유전적 특징, 유전학"
1576,,gene,유전자
1577,,paycheck,봉급
1578,,,
1579,5-6,mutate,돌연변이하다
1580,,microbial,미생물의
1581,,E. coli,대장균
1582,,no doubt,틀림없이
1583,,going,"(일 · 계획 따위의) 진행 상황[상태], 진전"
1584,,gene,유전자
1585,,organization,"유기체, 유기적 조직"
1586,,hypermutation,괴돌연변이
1587,,critical,"위기의, 중대한"
1588,,rate,"속도, 비율"
1589,,come up with,"~을 만들어 내다, ~을 찾아내다"
1590,,crisis,"위기의, 중대한"
1591,,well-fed,영양이 충분한
1592,,put,"표현하다, 말하다"
1593,,saying,속담
1594,,mess,"곤경, 혼란"
1595,,throw away,~을 버리다
1596,,involve,"수반하다, 포함하다"
1597,,on the line,위태로운
1598,,consult,"뒤지다, 찾다"
1599,,starving,굶주린
1600,,hypermutator,과돌연변이 유발 유전자
1601,,insane,제정신이 아닌
1602,,precisely,"바로, 정확히"
1603,,organism,"생물체, 유기체"
1604,,game plan,작전
1605,,colony,"군체, 군집"
1606,,extraordinarily,"엄청나게, 대단히"
1607,,lending library,대출 도서관
1608,,mutation,돌연변이(체)
1609,,be the case,"그러하다, 사실이다"
1610,,spring into,(갑자기) ~으로 바뀌다
1611,,infinitely,대단히
1612,,,
1613,7-8,sanction,제재
1614,,deviant,일탈적인
1615,,reciprocate,~을 서로 주고받다
1616,,vary,다양하다
1617,,procedure,절차
1618,,exclusion,"추방, 배제"
1619,,reinforce,강화하다
1620,,approval,"승인, 동의, 칭찬"
1621,,stop short,(하던 일을) 갑자기 멈추다
1622,,deprivation,박탈
1623,,obligation,의무
1624,,ordinarily,보통
1625,,formalization,공식화
1626,,contribute,기여하다
1627,,court of law,사법 재판소
1628,,norms,규범
1629,,disapproval,"못마땅함, 불승인"
1630,,ridicule,조롱
1631,,mutual,상호 간의
1632,,cooperation,협조
1633,,live up to,~에 부응하다
1634,,association,단체
1635,,descredit,불신임
1636,,attach,(중요성 등을) 부여하다
1637,,spontaneous,"자연스러운, 무의식적인"
1638,,prove,(~임이) 드러나다
1639,,retain,(계속) 유지하다
1640,,claim,"(당연한 권리로서의) 주장, 요구"
1641,,complementary,보완적인
1642,,indicate,나타내다
1643,,,
1644,19강 1,anthology,선집
1645,,excise,소비세
1646,,tenant,소작인
1647,,verse,"시, 운문"
1648,,inspire,영감을 주다
1649,,post,직책
1650,,customs,세관
1651,,befriend,~의 친구가 되다
1652,,critic,비평가
1653,,dedicate,헌정하다
1654,,ownership,소유권
1655,,,
1656,2,bore,"파다, 뚫다"
1657,,excrete,배설하다
1658,,flee,"피하다, 달아나다"
1659,,revolution,혁명
1660,,debtor,채무자
1661,,shipworm,좀조개
1662,,release,석방하다
1663,,work on,~에 공을 들이다
1664,,observation,관찰
1665,,construct,"만들다, 건조하다, 건설하다"
1666,,corkscrew,나사 모양의
1667,,blade,"칼날, 날"
1668,,lie in wait for,~을 숨어서 기다리다
1669,,unsuspecting,의심하지 않는
1670,,pedestrian,보행자
1671,,,
1672,3,stellar transit,별이 망원경의 시야를 통과하는 것
1673,,discrepancy,"차이, 불일치"
1674,,calibration,"보정, 눈금 매기기"
1675,,dismiss,해고하다
1676,,assistant,"조수, 조교"
1677,,convinced,확신하는
1678,,call one's attention to …,"···에 ~의 관심을 끌어내다, ~의 주의를 ···으로 환기하다"
1679,,strive to do,~하려고 노력하다[애쓰다]
1680,,succeeding,"다음의, 계속되는"
1681,,observation,"관찰 기록[정보], 관측"
1682,,,
1683,4,drawer,서랍
1684,,to one's astonishment,~가 놀랍게도
1685,,be up to,(특히 비밀스러운 혹은 나쁜 짓을) 하고 있다
1686,,allergic to,"~을 몹시 싫어하는, ~에 알레르기가 있는"
1687,,make sure,확인하다
1688,,nod,끄덕이다
1689,,stuff,물건
1690,,,
1691,20강 1,semi-sedentary,반정착민의
1692,,anthropologist,인류학자
1693,,mobile,"이동하는, 기동성 있는"
1694,,gather,채집하다
1695,,occasionally,때로
1696,,particularly,특별히
1697,,relatively,"비교적, 상대적으로"
1698,,stable,안정적인
1699,,well-balanced,균형이 잡힌
1700,,replace,"대체하다, 대신하다"
1701,,plot,작은 땅 조각
1702,,domesticate,"사육하다, 길들이다"
1703,,agricultural,농업의
1704,,marginal,"변두리의, 주변의"
1705,,utilize,활용하다
1706,,only a few,아주 소수의
1707,,adoption,채택
1708,,fundamental,근본적인
1709,,lead on to,~로 이어지다
1710,,civilization,문명
1711,,,
1712,2,usher in,~이 시작되게 하다
1713,,unravel,풀다
1714,,fleeting,순식간에 지나가는
1715,,historian,역사가
1716,,philosopher,철학자
1717,,ancient,아주 오래된
1718,,chaos,"혼란, 혼돈"
1719,,reaction,반응
1720,,religious,종교의
1721,,resulting,결과로 초래된
1722,,formulate,만들어 내다
1723,,concept,개념
1724,,rationalism,합리주의
1725,,visible,"가시적인, 뚜렷한"
1726,,found,기초를 이루다
1727,,undefinable,정의할 수 없는
1728,,framework,체계
1729,,orderly,질서 정연한
1730,,division,분리
1731,,fall into,"~한 상태에 있게 되다, ~에 빠지다"
1732,,domain,영역
1733,,categorization,범주화
1734,,rescue,구출하다
1735,,,
1736,3,the status quo,현재상태
1737,,ride the crest of,~으로 성공을 구가하다
1738,,quest,추구
1739,,quarter,"분기, 4분의 1"
1740,,log,통나무
1741,,primitive,원시적인
1742,,weatherboard,비막이 판자
1743,,construction,"건출물 구조, 건축"
1744,,prosperous,번영하는
1745,,relax,"완화되다, 누그러지다"
1746,,seek out,~을 찾아내다
1747,,siding,외장용 자재
1748,,glow,만족감
1749,,confirmation,"확인, 확증"
1750,,heritage,유산
1751,,needless to say,말할 필요도 없이
1752,,pursue,추구하다
1753,,innovation,혁신(적인 것)
1754,,affluent,부유한
1755,,societal,사회의
1756,,reassert,(권리 · 권위 등을) 다시 분명히 하다
1757,,regardless of,~에 상관없이
1758,,ethnic,"인종의, 민족의"
1759,,,
1760,4,parchment,양피지
1761,,remnant,"(주로 복수로) 남은 부분, 잔존물"
1762,,contour,"윤곽, 등고선"
1763,,geologist,지질학자
1764,,perceive,"인지하다, 인식하다"
1765,,landscape,"지형, 풍경"
1766,,metaphor,"비유, 은유"
1767,,medieval,중세의
1768,,scrape off,~을 긁어내다
1769,,document,문서
1770,,inscribe,새기다
1771,,invariably,"언제나, 예외 없이"
1772,,erasure,"지워 없앰, 삭제"
1773,,trace,흔적
1774,,illumination,"조명, 조도"
1775,,erasure,시대
1776,,persist,(없어지지 않고) 계속되다
1777,,discipline,"학문, 규율"
1778,,optical,"광학의, 시각적인"
1779,,dimension,"차원, 양상"
1780,,subsurface,지표 밑
1781,,,
1782,21강 1,tipping point,티핑 포인트 (균형을 깨뜨리는 극적인 변화의 시작점)
1783,,disaster,재난
1784,,northern,북부의
1785,,potential,잠재적인
1786,,associated with,~와 연관된
1787,,ice sheet,"빙상, 대륙 빙하"
1788,,consist of,~으로 이루어지다[구성되다]
1789,,eastern,동쪽의
1790,,the Gulf Stream,멕시코 만류
1791,,sink,가라앉다
1792,,equator,적도
1793,,freshwater,민물
1794,,melt,녹다
1795,,shut down,멈추게 하다
1796,,saltwater,바닷물
1797,,trigger,야기하다
1798,,ironic,역설적인
1799,,consequence,결과
1800,,,
1801,2,spawn,산란하다
1802,,bonanza,풍부한 것
1803,,migration,이동
1804,,salmon,연어
1805,,upstream,상류로
1806,,scheme,"체계, 계획"
1807,,transport,운반하다
1808,,obstacle,장애물
1809,,ecological,"생태적인, 생태계의"
1810,,habitat,서식지
1811,,impact,영향을 미치다
1812,,grizzly bear,회색곰
1813,,oceanic,바다의
1814,,nutrient,"영양분, 영양소"
1815,,enrich,비옥하게 하다
1816,,vegetation,"초목, 식물"
1817,,songbird,명금 (고운 소리로 우는 새)
1818,,migrate,이동하다
1819,,arch,"아치, 아치형의 구조물"
1820,,,
1821,3,ensue,뒤따르다
1822,,put paid to,~을 멸종시키다
1823,,meteor,유성
1824,,slam into,~와 충돌하다
1825,,chaos,혼란
1826,,vast,"(정도 · 강도 · 양 따위가) 엄청난, 대단한, 굉장한"
1827,,sulfuric acid,황산
1828,,acidify,산성화하다
1829,,more or less,거의
1830,,calcium carbonate,탄산칼슘
1831,,a handful of,소수의
1832,,coral,산호
1833,,nonetheless,그럼에도 불구하고
1834,,scarce,희귀한
1835,,imprint,흔적
1836,,,
1837,4,corridor,회랑 지대(주요 도로나 강을 따라 나 있는 좁고 긴 땅)
1838,,discreet,"조심스러운, 신중한"
1839,,fa?ade,정면
1840,,noise barrier,방음벽
1841,,identical,동일한
1842,,reflect,반사하다
1843,,absorb,흡수하다
1844,,determine,결정하다
1845,,aesthetic,미적인
1846,,acoustic,음향의
1847,,integrate,통합되다
1848,,backdrop,배경
1849,,whereas,~인 반면에
1850,,housing,주택
1851,,merge,(서로 구분이 안 되게) 어우러지다[융합되다]
1852,,transparent,투명한
1853,,bio-barrier,생태계 차단벽
1854,,,
1855,22강 1,conjure up,~을 생각해 내다
1856,,budge,조금 움직이다
1857,,recede,(서서히) 물러나다
1858,,invent,발명하다
1859,,natural,자연스러운
1860,,explain,설명하다
1861,,terrible,형편없는
1862,,assumption,"추정, 가정"
1863,,randomness,무작위
1864,,prefer,더 좋아하다
1865,,narrative,이야기
1866,,complicated,복잡한
1867,,remove,제거하다
1868,,boil ~ away,~을 끓여서 없애다
1869,,raw,가공하지 않은
1870,,naked,무방비 상태인
1871,,reflect upon,~을 숙고하다
1872,,rearrange,재조정하다
1873,,layperson,비전문가(pl. laypeople)
1874,,bias,편견
1875,,fallacy,오류
1876,,crash,충돌하다
1877,,,
1878,2,thermal,열의
1879,,kinetic,운동의
1880,,warm,따뜻하게 하다
1881,,in contact with,~와 접촉하는
1882,,conduction,(전기나 열의) 전도
1883,,heat conductor,열전도체
1884,,take place,"일어나다, 발생하다"
1885,,boundary,경계(선)
1886,,separate,분리하다
1887,,surface,"지표면, 표면"
1888,,slightly,약간
1889,,given,~을 고려해 보면
1890,,random,"일정치 않은, 임의의"
1891,,molecule,분자
1892,,deficit,"결손, 부족(량)"
1893,,substantial,상당한
1894,,temperature,"온도, 기온"
1895,,,
1896,3,escapade,엉뚱한 행위
1897,,polymath,박식가
1898,,martyr,목숨을 바치는 사람
1899,,shelf life,저장[보존] 기간(저장된 약 · 식품 등의 재고 유효 기간)
1900,,be credited with,~으로 인정받다
1901,,relevant to,~와 관련된
1902,,refrigeration,"냉동, 냉장, 냉각"
1903,,stuff,채우다
1904,,demonstrate,"보여 주다, 증명하다"
1905,,spontaneous,즉흥적인
1906,,experiment,실험
1907,,unsuitably,적합하지 않게
1908,,chill,(오한이 따르는) 감기
1909,,pneumonia,폐렴
1910,,thereafter,그 후에
1911,,fate,운명
1912,,,
1913,4,agroforestry,산림농업
1914,,genetic,유전적인
1915,,heritable,유전될 수 있는
1916,,species,종
1917,,evolution,진화
1918,,domesticate,"재배하다, 사육하다"
1919,,involve,"(밀접하게) 연관되다, 포함하다"
1920,,undergo,(영향 · 변화 · 조처 · 검사 따위를) 받다
1921,,estimate,추정(치)
1922,,plantation,"(목재 생산을 위한) 조림지, 농장"
1923,,novel,새로운
1924,,,
1925,23강 1,forage,(동물이) 먹이를 찾다
1926,,carnivore,육식 동물
1927,,recognize,"인식하다, 인정하다"
1928,,provide,제공하다
1929,,privacy,"남의 눈을 피함, 사생활"
1930,,charge,책임을 맡은 것[사람]
1931,,species,(생물의) 종
1932,,free from,"~에서 벗어난, ~을 면한"
1933,,peer,"응시하다, 쳐다보다"
1934,,flight distance,도주 거리
1935,,flee,"달아나다, 도망가다"
1936,,approaching,접근하고 있는
1937,,unearned,노력하지 않고 얻어진
1938,,thereby,그로 인해
1939,,deprive ~ of …,~에게서 ···을 빼앗다[박탈하다]
1940,,predominant,"주된, 지배적인"
1941,,replicate,"복제하다, 모사하다"
1942,,say,가령
1943,,chase,"추격, 추적"
1944,,distasteful,"마음에 들지 않는, 혐오스러운"
1945,,unnatural,자연스럽지 않은
1946,,means,"수단, 방법"
1947,,in captivity,"포획 상태의, 감금되어 있는"
1948,,,
1949,2,port of call,기항지
1950,,itinerary,여행 일정
1951,,pet peeve,아주 싫어하는 것
1952,,cruise,크루즈 여행; 순항하다
1953,,overnight,하룻밤 동안의
1954,,allotment,"배분, 할당"
1955,,ancient,고대의
1956,,resort,"휴양지, 행락지"
1957,,do justice to,"~을 제대로 다루다, ~을 충분히 평가하다"
1958,,disadvantage,약점
1959,,majority,대다수
1960,,Mediterranean,지중해의
1961,,,
1962,3-4,streak,연속
1963,,apparently,분명히
1964,,hit a slump,슬럼프를 겪다
1965,,in a row,연속으로
1966,,confidence,신뢰
1967,,reinforcement,"(감정 · 생각 등 심리적인) 강화, (상벌 따위에 의한) 반응 강화"
1968,,,
1969,24강 1,rasping,귀에 거슬리는
1970,,scraping,(듣기 싫은) 긁는 소리의
1971,,tone color,음색
1972,,function,기능
1973,,aesthetic,미적인
1974,,tonal,음색의
1975,,considerably,상당히
1976,,ideal,"전형, 이상; 이상적인"
1977,,firmly,확고하게
1978,,establish,설정하다
1979,,extraordinary,"엄청난, 대단한"
1980,,automatically,자동으로
1981,,advanced,상급의
1982,,criterion,기준
1983,,,
1984,2,linear perspective,선원근법
1985,,camera obscura,암상자(초창기의 카메라)
1986,,unleash,"촉발시키다, 불러일으키다"
1987,,internally,"본질적으로, 내재적으로"
1988,,drawing,소묘
1989,,depict,"표현하다, 묘사하다"
1990,,modify,"수정하다, 변경하다"
1991,,compress,"압축하다, 요약하다"
1992,,tonal,색조의
1993,,mass,질량
1994,,pictorial,"회화의, 그림의"
1995,,radical,"혁명적인, 급진적인"
1996,,evolve,"진화하다, 발전하다"
1997,,predefine,미리 정하다
1998,,take into consideration,~을 고려하다
1999,,formula,"공식, 방식"
2000,,procedure,(특히 어떤 일을 늘 · 제대로 하는) 절차[방법]
2001,,composition,(그림 · 사진의) 구도
2002,,define,윤곽(모양)을 분명히 나타내다
2003,,unforeseen,예상치 못한
2004,,side effect,"뜻하지 않은 결과, 부작용"
2005,,unintentional,의도하지 않은
2006,,,
2007,3,insulation,단열[절연] 처리
2008,,glazing,창유리
2009,,fa?ade,(건물의) 전면[정면]
2010,,on-site,"현장의, 현지의"
2011,,conservation,"보존, 관리, 유지, (에너지 등의) 절약"
2012,,conservative,"보존력이 있는, 보존성의"
2013,,envelope,"(건물) 외피, 봉투"
2014,,tightness,"기밀, (공기 · 물 등이) 새어들지 않음"
2015,,load,"부담, 부하, 하중"
2016,,availability,활용 가능성
2017,,retention,"보존, 보유, 유지"
2018,,ventilation,"자연통풍, 환기"
2019,,daylighting,자연 채광
2020,,contrast,"대조, 대비"
2021,,spatial,"공간의, 공간적인"
2022,,generosity,"넉넉함, 관대함"
2023,,expansive,"널찍한, 툭 트인, 광할한"
2024,,reliance,의존
2025,,abundant,"많은, 풍부한"
2026,,mechanical,"기계의, 기계로 작동되는"
2027,,,
2028,4,idiosyncratic,(개인에게)특유한
2029,,Francophone,프랑스어를 주 언어로 사용하는
2030,,attraction,명소
2031,,attract,끌어들이다
2032,,for whatever reason,어떤 이유로든
2033,,performer,연주자
2034,,composer,작곡가
2035,,genre,장르
2036,,fit into,~에 꼭 들어맞다
2037,,devise,고안하다
2038,,identify,"발견하다, 찾다"
2039,,appreciation,(사람 · 물건의) 가치를 알기
2040,,agenda,"(업무의) 예정표, 계획표"
2041,,a range of,"여러, 가양한"
2042,,landmark,명소
2043,,evident,명백한
2044,,in part,부분적으로
2045,,identity,정체성
2046,,grave,"묘, 무덤"
2047,,,
2048,25강 1,laboratory,실험실
2049,,archive,기록 보관소
2050,,thrilling,아주 신나는
2051,,undergraduate,"학부생의, 대학생의"
2052,,bacterial strain,세균주
2053,,uncover,"발견하다, 알게 되다"
2054,,institution,"기관, 제도"
2055,,implement,"시행하다, 실행하다"
2056,,facilitate,촉진하다
2057,,vehicle,"수단, 매체, 차량"
2058,,objective,"목표, 목적"
2059,,,
2060,2,bleak,암울한
2061,,imminent,절박한
2062,,professor,교수
2063,,sociology,사회학
2064,,slum,빈민가
2065,,case history,"신상 조사(서), 개인 기록[경력]"
2066,,conclude,결론을 내리다
2067,,doomed to,~할 수밖에 없는 운명인
2068,,neighborhood,"부근, 근처"
2069,,achieve,달성하다
2070,,extraordinary,"놀라운, 비범한"
2071,,productive,생산적인
2072,,community,공동체
2073,,determined,단단히 결심한
2074,,seemingly,외견상으로
2075,,overwhelming,"극복하기 힘든, 저항하기 힘든"
2076,,odds,"역경, 곤란"
2077,,credit,(공적을 남에게) 돌리다
2078,,potential,"잠재 능력, 잠재력"
2079,,conviction,확신
2080,,nurture,"키우다, 양육하다"
2081,,,
2082,3,Gentile,비 유대인
2083,,difference,차이
2084,,harbor,숨겨 주다
2085,,Jew,유대인
2086,,association,"관계, 연관"
2087,,similarity,"닮음, 유사성"
2088,,varied,다양한
2089,,expand,확장하다
2090,,be related to,~와 관련이 있다
2091,,decision,결정
2092,,aid,돕다
2093,,rescuer,구조자
2094,,a variety of,다양한
2095,,cause,(정치 · 사회 운동) 조직
2096,,prospective,장래의
2097,,broadly,"널리, 대체로"
2098,,charitable,자비로운
2099,,positive,긍정적인
2100,,genetically,유전적으로
2101,,spectrum,범위
2102,,,
2103,4,unilateral,일방적인
2104,,grumble,투덜거리다
2105,,mess,엉망인 상태
2106,,time frame,"시간, 기간"
2107,,attitude,태도
2108,,point of view,관점
2109,,neglect,무시하다
2110,,solution,해결책
2111,,at the risk of,~의 위험을 무릅쓰고
2112,,goodwill,호의
2113,,resistance,저항
2114,,in effect,사실상
2115,,consequence,결과
2116,,input,"의견, 조언"
2117,,,
2118,26강 1,procrastination,"미루는 버릇, 지연"
2119,,gratification,만족
2120,,bane,골칫거리
2121,,self-interest,자기 이익 추구
2122,,well-being,행복
2123,,willingly,기꺼이
2124,,put off,~을 연기하다
2125,,get to,~을 착수하다[시작하다]
2126,,knowingly,고의로
2127,,in favor of,~을 위해서
2128,,demon,악마
2129,,,
2130,2,apparel,의복
2131,,gender,성별
2132,,religiosity,독실함
2133,,commitment,헌신
2134,,stance,"입장, 태도"
2135,,society,협회
2136,,purple,자주색의
2137,,entrance,"들어가기, 입회, 입장"
2138,,spirited,"생기있는, 힘찬"
2139,,ceremonial,"의례상의, 의식의"
2140,,appreciate,가치를 인정하다
2141,,,
2142,3,impermeable,통과할[지나갈] 수 없는
2143,,immigration,이민
2144,,racial,인종의
2145,,ethnic,민족의
2146,,border,경계
2147,,envision,구상하다
2148,,engage in,"~을 하다, ~에 관여[참여]하다"
2149,,transformation,변화
2150,,visionary,선견지명의
2151,,argument,주장
2152,,urgent,"절박한, 긴급한"
2153,,competence,역량
2154,,sustainable,지속 가능한
2155,,intensified,"증가된, 증대된"
2156,,address,다루다
2157,,,
2158,4,inverse correlation,역 상관관계
2159,,proxy,"대용물, 대체품"
2160,,not one iota,전혀[조금도] 아닌
2161,,literacy,읽고 쓰는 능력
2162,,common,공통의
2163,,selection,선택
2164,,utilize,활용하다
2165,,originally,원래
2166,,track,추적하다
2167,,matter,문제; 중요하다
2168,,initially,"처음에, 시초에"
2169,,fitness,적응도
2170,,measure,"측정하다, 판단[평가]하다"
2171,,birthrate,출생률
2172,,inclusive fitness,포괄 적응도
2173,,universal,보편적인
2174,,flourish,번영하다
2175,,,
2176,27강 1,burgeon,급증하다
2177,,bureaucrat,관료
2178,,reformer,개혁가
2179,,means,"수단, 방법"
2180,,responsive,응대하는
2181,,governance,관리 방식
2182,,public administration,공공 행정
2183,,presence,존재
2184,,client,의뢰인
2185,,conduct,"수행하다, (특정한 활동을) 하다"
2186,,access,"이용하다, 접근하다"
2187,,deliver,전달하다
2188,,convenience,편의
2189,,form,서식
2190,,dramatic,극적인
2191,,e-commerce,전자상거래
2192,,advocate,옹호자
2193,,provision,제공
2194,,modernize,현대화하다
2195,,public sector,공공 부문
2196,,democratize,민주화하다
2197,,,
2198,2,align with,~에 맞추다
2199,,remain,남다
2200,,internal,내적인
2201,,value,가치
2202,,involved,관련된
2203,,end user,최종 사용자
2204,,care for,~을 돌보다
2205,,passenger,승객
2206,,destination,"목적지, 도착지"
2207,,assistant,"보조원, 조수"
2208,,entire,전체의
2209,,interact,상호작용하다
2210,,autonomous car,자율주행자동차
2211,,share,공유하다
2212,,pedestrian,보행자
2213,,vehicle,차량
2214,,combine,결합하다
2215,,be in conflict,충돌하다
2216,,,
2217,3,chronicle,연대순으로 기록하다
2218,,glamorous,화려한
2219,,advertiser,광고주
2220,,commercial,광고 방송의; 광고(방송)
2221,,reach,"(마음을)움직이다, (남의)환심을 사다"
2222,,feature,주연시키다
2223,,sponsor,후원하다
2224,,nurture,키우다
2225,,enduring,지속적인
2226,,attachment,애착
2227,,feature film,장편 영화
2228,,specifically,특별히
2229,,,
2230,4,tragectory,진행 과정
2231,,anonymous,익명의
2232,,intimate,"사적인, 친밀한"
2233,,bound to do,~할 가능성이 큰
2234,,disrupt,"지장을 주다, 방해하다"
2235,,leak,기밀 유출
2236,,target,목표로 하다
2237,,blanket,전면적인
2238,,inquiry,"조사, 취조"
2239,,connection,"관계, 연결"
2240,,to name a few,몇 가지를 예로 들자면
2241,,invasion,침해
2242,,inspire,"생겨나게 하다, 영감을 불어 넣다"
2243,,platform,플랫폼 (사용 기반이 되는 컴퓨터 시스템 · 소프트웨어)
2244,,secure,안전한
2245,,specific,특정한
2246,,digital footprint,디지털 사용 흔적
2247,,,
2248,28강 1,social presence,사회적 실재감
2249,,approach,접근방식
2250,,propose,제시하다
2251,,present,"주다, 제시하다"
2252,,appearance,모습
2253,,favorable,"호의적인, 좋은"
2254,,impression,인상
2255,,coactor,협력자
2256,,carry out,~을 수행하다
2257,,embarrassment,당혹감
2258,,lead to,~으로 이어지다
2259,,sufficient,충분한
2260,,cognitive,인지적인
2261,,interference,간겁
2262,,intensity,강도
2263,,,
2264,2,accomplish,성취하다
2265,,trail,"행적, 흔적"
2266,,regardless,개의치 않고
2267,,ultimately,궁극적으로
2268,,eventually,결국
2269,,stupid,어리석은
2270,,stretch oneself,전력을 다하다
2271,,vitality,"활력, 생명력"
2272,,,
2273,3,imbue,스며들게 하다
2274,,one of those days,그저 그런 날 중 하나
2275,,predict,예측하다
2276,,irritating,신경질 나게 하는
2277,,frustrating,좌절감을 주는
2278,,self-fulfilling,자기 충족적인
2279,,prophecy,예언
2280,,encounter,(예상 밖의) 만남
2281,,contagioius,전염성이 있는
2282,,appropriate,적절한
2283,,,
2284,4,elicit,(정보 · 반응 등을) 이끌어 내다
2285,,steer,방향을 돌리다
2286,,direction,방향
2287,,brand-new,아주 새로운
2288,,bet,(선택해야 할) 방책
2289,,defensive,방어적인
2290,,gorgeous,"멋진, 화려한"
2291,,respond,대답하다
2292,,cost a fortune,많은 돈이 들다
2293,,craftsmanship,"(훌륭한) 솜씨, 장인의 기능"
2294,,,
2295,29강 1,dressed,요리용으로 준비된
2296,,local,"(특정한) 지역의, 현지의"
2297,,regional,지방의
2298,,competition,경쟁
2299,,manufacturer,제조업자
2300,,go out of business,폐업하다
2301,,merge,합병하다
2302,,firm,회사
2303,,shipment,"운송, 수송"
2304,,all but,거의
2305,,eliminate,"없애다, 제거하다"
2306,,slaughterhouse,도축장
2307,,reduce,"줄이다, 감소시키다"
2308,,butcher,도축업자; (가축 따위를 식용으로) 도축하다
2309,,count on,~을 믿다
2310,,appreciation,진가의 인정
2311,,flavor,"맛, 풍미"
2312,,readily,"기꺼이, 쉽사리"
2313,,give up,~을 포기하다
2314,,cut,(동물에서 잘라 낸) 고깃덩어리
2315,,,
2316,2,timeless,"세월이 흘러도 변치 않는, 유행을 타지 않는"
2317,,era,시대
2318,,apply,적용하다
2319,,constrain,제한하다
2320,,convention,"관행, 관례"
2321,,liberal,자유로운
2322,,fifure,인물
2323,,qualify,자격을 얻다
2324,,financial,재정적인
2325,,leisure,한가함
2326,,aesthetic,미적인
2327,,resource,"재원, 자원"
2328,,,
2329,3,narcissist,"나르시시스트(자기 자신을 사랑하거나, 훌륭하다고 여기는 사람)"
2330,,come with the territory,일상적인 일이다
2331,,profession,직업
2332,,trait,특성
2333,,candidate,후보자
2334,,optimistic,낙관적인
2335,,in the face of,~에도 불구하고
2336,,probable,있을 것 같은
2337,,self-esteem,자아 존중감
2338,,criticism,비난
2339,,credit,"인정, 공"
2340,,aide,보좌관
2341,,assistant,보조원
2342,,representative,대표
2343,,cause,"대의명분, 조짓"
2344,,exaggerated,과장된
2345,,revolve,"돌다, 회전하다"
2346,,rationalize,합리화하다
2347,,,
2348,4,sovereign state,주권 국가
2349,,bureaucracy,관료 (체제)
2350,,oppose,반대하다
2351,,globalization,세계화
2352,,loyalty,충성심
2353,,democratic,민주적인
2354,,determine,결정하다
2355,,boardroom,이사회실
2356,,transnational,"다국적의, 초국가적인"
2357,,corporation,기업
2358,,accountable,(행위 등에 대하여) 책임이 있는
2359,,deficit,"결함, 부족"
2360,,empower,~에게 권한을 부여하다
2361,,unleash,"자유롭게 하다, 속박을 풀다"
2362,,erode,약화시키다
2363,,alienation,소외
2364,,,
2365,1,prosthesis,인공 보철물(의족 · 의안 · 의치 등)
2366,,fit,"끼우다, 맞추다"
2367,,replace,"대체하다, 대신하다"
2368,,considerable,상당한
2369,,adjust,적응하다
2370,,devastated,엄청난 충격을 받은
2371,,patch,"안대, 패치"
2372,,at a tender age,어린 나이에
2373,,minor,대수롭지 않은
2374,,comparison,비교
2375,,strike up,~을 시작하다
2376,,casual,가벼운
2377,,pirate,해적
2378,,transform,"바꾸다, 변형시키다"
2379,,outlook,"관점, 시각, 전망"
2380,,vividly,생생하게
2381,,high seas,"공해, 외양, 외해"
2382,,,
2383,2,definition,정의
2384,,refer to,~을 일컫다
2385,,text,(휴대전화로) 문자를 보내다
2386,,intake,섭취
2387,,physical,육체적
2388,,exhausted,"지친, 기진맥진한"
2389,,functioning,기능
2390,,sufficient,충분한
2391,,frame of mind,마음의 상태
2392,,,
2393,3,biomechanical,생체 역학의
2394,,promote,"고양시키다, 촉진하다"
2395,,longevity,장수
2396,,cellular,세포의
2397,,comprise,구성하다
2398,,vast,거대한
2399,,medicinal,"약용의, 약효가 있는"
2400,,be subject to,"~의 지배를 받다, ~의 대상이다"
2401,,observation,관찰
2402,,subtle,미묘한
2403,,nutritional,영양상의
2404,,dietary,"식이요법의, 음식물의"
2405,,supplement,"보충제, 추가물"
2406,,accessible,"얻기 쉬운, 활용 가능한"
2407,,enhance,향상시키다
2408,,,
2409,4,orthodoxy,정설
2410,,petri dish,페트리[세균 배양용] 접시
2411,,prominent,유명한
2412,,zoologist,동물학자
2413,,flawed,흠[결함]이 있는
2414,,epidemic,전염병
2415,,hinder,방해하다
2416,,speculate,"추측하다, 깊이 생각하다"
2417,,swallow,삼키다
2418,,deadly,치명적인
2419,,ripe,"고령의, 원숙한"
2420,,harsh,"혹독한, 가혹한"
2421,,rural,시골의
2422,,hygiene,위생 상태
2423,,peasant,소작농
2424,,villager,마을 사람
2425,,ferment,발효시키다
2426,,,
2427,test 1,application,"신청서, 지원서"
2428,,scholarship,장학금
2429,,appreciate,감사하다
2430,,outstanding,뛰어난
2431,,regret,유감이다
2432,,grant,"주다, 수여하다"
2433,,corporate,기업의
2434,,qualification,자격 조건
2435,,slot,"(연속된 것 중에서 점하는) 자리[위치], (특히 방송 프로그램 중의) 시간대"
2436,,,
2437,2,disorientingly,방향감각을 상실케 할 정도로
2438,,buoyancy,부력
2439,,invertebrate,무척추동물
2440,,uneasiness,불안감
2441,,underwater,"물속에서, 수중에서"
2442,,barely,거의 ~ 아니게[없이]
2443,,confine,"가두다, 제한하다, 감금하다"
2444,,panic,"공포, 공황"
2445,,adjust,"조절하다, 적응하다"
2446,,give a grin,씩 웃어주다
2447,,take a breath,숨을 쉬다
2448,,proceed,나아가다
2449,,,
2450,3,ponder,신중히 고려하다
2451,,distracted,정신이 산만한
2452,,relevant,"적절한, 관련된"
2453,,increasingly,점점 더
2454,,notice,주목하다
2455,,internalise,내면화하다
2456,,neglect,"무시하다, 소홀히 하다"
2457,,consul,(고대 로마의) 집정관
2458,,repetition,반복
2459,,ensure,확실히 하다
2460,,reception,"받아들임, 수용"
2461,,channel,(의사소통) 수단[매체]
2462,,redundant,반복되어서 불필요한
2463,,hesitate,"주저하다, 망설이다"
2464,,content,"취지, 요지"
2465,,intranet,구내 인터넷 통신망
2466,,stick in one's memory,~의 기억에서 잊히지 않다
2467,,,
2468,4,plate,(야구) 타석 쪽 홈베이스
2469,,foundation,"토대, 기초"
2470,,recognition,"인식, 인정"
2471,,cooperation,"협조, 협동"
2472,,enthusiastic,"열렬한, 열정적인"
2473,,Hall of Fame,명예의 전당
2474,,pitcher,(야구) 투수
2475,,dominate,지배하다
2476,,opposing,"상대 팀의, 서로 겨루는"
2477,,batter,(야구) 타자
2478,,intimidate,"겁을 주다, 위협하다"
2479,,intuitively,직관적으로
2480,,catcher,(야구) 포수
2481,,,
2482,5,concierge,(호텔의) 안내원
2483,,firm,회사
2484,,purchase,구매하다
2485,,come in contact with,~와 접촉하다
2486,,facility,시설
2487,,interaction,상호작용
2488,,to the best of one's ability,"될 수 있는 한, 힘 닿는 데까지"
2489,,ensure,보장하다
2490,,reunion,친목 모임
2491,,military veteran,퇴역 군인
2492,,separate,분리시키다
2493,,patron,"고객, 단골"
2494,,potential,"가능성, 잠재력"
2495,,conflict,갈등
2496,,,
2497,6,foremost,가장 중요한
2498,,athlete,운동선수
2499,,drum an idea into,~에 어떤 생각을 주입하다
2500,,possibility,가능성
2501,,chance,가능성
2502,,indeed,실제로
2503,,concentrate,집중하다
2504,,ensure,보장하다
2505,,enhance,향상하다
2506,,mental picture,심상
2507,,land in,~에 떨어지다
2508,,appropriate,적절한
2509,,define,정의하다
2510,,by the same token,마찬가지로
2511,,,
2512,7,lichen,"이끼, 지의류"
2513,,alga,"조류, 말"
2514,,organism,"생물, 유기체"
2515,,fungus,군류
2516,,hardy,"강인한, 내한성의"
2517,,indicator,지표
2518,,nourishment,"자양분, 영양"
2519,,crusty,껍질이 딱딱한
2520,,moderate,"중간의, 적당한"
2521,,chemical,화학 물질
2522,,old man's beard,소나무겨우살이과의 이끼
2523,,presence,"존재, 참석"
2524,,sulfur dioxide,이산화황
2525,,pollutant,오염 물질
2526,,isle,섬
2527,,point the finger,"지목하다, 비난하다"
2528,,,
2529,8,swampy,습지의
2530,,lagoon,석호
2531,,barrier reef,보초(바닷속에 길게 이어져 있는 산호초)
2532,,landmass,육지
2533,,diverse,다양한
2534,,subtropical,아열대의
2535,,low-lying,저지대에 놓인
2536,,coastline,해안선
2537,,coral,산호의
2538,,sea tide,바다의 조수
2539,,destructive,파괴적인
2540,,region,"지방, 지역"
2541,,mahogany,마호가니
2542,,biodiversity,"생물의 다양성, 생물학적 종 다양성"
2543,,ecotourism,"생태 관광, 환경 보호 지향의 관광"
2544,,,
2545,9,enrollment,등록
2546,,term,학기
2547,,ethnic,민족의
2548,,account for,~을 차지하다
2549,,,
2550,12,cordiality,친근함
2551,,behave,행동하다
2552,,perform,수행하다
2553,,assume,"생각하다, 추정하다"
2554,,encounter,마주치다
2555,,conform to,"~을 따르다, ~에 순응하다"
2556,,community,"사회, 집단"
2557,,adapt,"조정하다, 맞추다"
2558,,accordingly,그에 맞추어
2559,,perspective,"시각, 관점"
2560,,act upon,~에 영향을 미치다
2561,,intention,의도
2562,,impact,영향을 미치다
2563,,attempt to do,~하려고 시도하다
2564,,make one's acquaintance,~와 아는 사이가 되다
2565,,assumption,"추정, 가정"
2566,,initiate,시작하다
2567,,,
2568,13,haphazardly,아무렇게나
2569,,tract house,규격형 주택
2570,,site,부지
2571,,client,고객
2572,,fit,"(크기 · 모양이) 꼭 맞다, 어울리다"
2573,,import,"들여오다, 수입하다"
2574,,architect,건축가
2575,,have in mind,~을 염두에 두다
2576,,awkwardly,어색하게
2577,,slope,비탈
2578,,flat,평평한
2579,,fertile ground,(좋은 결과를 만드는) 상황
2580,,akin to,~와 유사한
2581,,tuxedo,턱시도
2582,,,
2583,14,debilitate,심신을 약화시키다
2584,,setup,배치
2585,,integrate,"포함하다, 통합하다"
2586,,compelling,설득력 있는
2587,,incorporate,"포함하다, 통합하다"
2588,,stroke,뇌졸중
2589,,humanitarian,인도적인
2590,,boost,증가시키다
2591,,sedentary,"주로 앉아서 하는, 운동을 많이 하지 않는"
2592,,mobilize,동원하다
2593,,intellectual horsepower,지적 능력
2594,,strategic,전략적인
2595,,,
2596,15,freak,매우 이상한
2597,,accessible,"쉽게 구할 수 있는, 접근할 수 있는"
2598,,construct,구성하다
2599,,scholarship,"학식, 학문, 장학금"
2600,,instantly,즉시
2601,,dedicated,헌신적인
2602,,wipe out,~을 몰살[전멸]시키다
2603,,expert,전문가(인)
2604,,conderence,학술회의
2605,,reconstruct,"복원하다, 재구성하다"
2606,,expertise,전문 지식
2607,,,
2608,16,consensus,"합의, 의견 일치"
2609,,interrogator,심문자
2610,,react,반응하다
2611,,correctly,바르게
2612,,persuasive,설득력이 있는
2613,,motivation,동기
2614,,deeply,"깊이, 매우"
2615,,shortcut,손쉬운 방법
2616,,observe,관찰하다
2617,,condition,"상황, 조건"
2618,,political,정치적인
2619,,audience,청중
2620,,enthusiastically,열광적으로
2621,,conclude,결론을 내리다
2622,,direction,방향
2623,,witness,목격하다
2624,,follow one's lead,선례를 따르다
2625,,initially,처음에
2626,,suspect,용의자
2627,,guilty,유죄의
2628,,,
2629,17,functionary,"공무원, 직원"
2630,,surplus,잉여의
2631,,Scot,스코틀랜드 사람
2632,,colony,식민지
2633,,profit,이익
2634,,imperial,제국의
2635,,campaign,군사 작전
2636,,dismissively,"경멸적으로, 오만하게"
2637,,imperialism,제국주의
2638,,capital,자본
2639,,civil war,내전
2640,,marginalize,사회적으로 무시[과소평가]하다
2641,,exclude,제외하다
2642,,,
2643,18,algal bloom,조류의 대증식
2644,,nitrate,질산염
2645,,sediment,퇴적물
2646,,nutrient,"영양분, 영양물"
2647,,fertilizer,비료
2648,,stimulate,"불러일으키다, 자극하다"
2649,,ecology,"생태, 생태학"
2650,,local stream,지역 하천
2651,,groundwater,지하수
2652,,downstream,하류로[에]
2653,,elevated,높아진
2654,,pesticide,살충제
2655,,erode,침식하다
2656,,empty into,~으로 흘러들다
2657,,fishery,어장
2658,,,
2659,19,rapport,(친밀한) 관계
2660,,sociologist,사회학자
2661,,identify oneself,신원을 밝히다
2662,,reveal,드러내다
2663,,identity,"정체, 신원, 신분"
2664,,subject,연구 대상자
2665,,overly,과도하게
2666,,strive,노력하다
2667,,minimize,최소화하다
2668,,simultaneously,동시에
2669,,accomplish,달성하다
2670,,pay off,"성과를 올리다, 성공하다"
2671,,insight,통찰력
2672,,emerge from,~에서 나오다
2673,,participant observer,참여 관찰자
2674,,on the surface,표면적으로
2675,,badly,형편없이
2676,,organize,조직하다
2677,,resident,주민
2678,,,
2679,20,sapling,묘목
2680,,coppice,(어린 나무가 빨리 자라도록) 윗부분을 자르다
2681,,litter,부엽토(층)
2682,,midlatitude,증위도의
2683,,checkered,체크무늬의
2684,,plot,소구획지
2685,,chronically,"만성적으로, 질질 시간을 끌어"
2686,,degrade,(특히 질적으로) 저하하다
2687,,regeneration,재생
2688,,eucalyptus,유칼립투스(오스트레일리아산 나무)
2689,,shoot,"싹, 순"
2690,,undergrowth,"(큰 나무 밑의) 덤불, 풀숲"
2691,,erosion,침식
2692,,,
2693,21,cumbersome,(어구가)길고 복잡한
2694,,sexist,성차별적인
2695,,struggle with,~으로 고심하다
2696,,masculine,남성의
2697,,pronoun,대명사
2698,,refer to,~을 지칭하다
2699,,argue,주장하다
2700,,alternative,"다른 방도, 대안"
2701,,rephrase,바꾸어[고쳐] 말하다
2702,,gender-neutral,"성 중립적인, 중성의"
2703,,plural,복수의
2704,,polite,"공손한, 예의 바른"
2705,,exclude,배제하다
2706,,female,여성의
2707,,gender,성
2708,,bias,편견
2709,,replace,"바꾸다, 대신하다"
2710,,term,용어
2711,,gender-inclusive,모든 성별을 포함하는
2712,,all that,"그다지, 그토록"
2713,,conscious,의식적인
2714,,pay-off,"보상, 이득"
2715,,,
2716,22,distinctiveness,독특함
2717,,fandom,"팬, 팬 전체, 팬층"
2718,,simultaneously,동시에
2719,,framework,"체제, 틀"
2720,,strive for,~을 얻기 위해 노력하다
2721,,opposing,서로 대립하는
2722,,differentiation,"차별, 구별"
2723,,identification,"동일시, 식별"
2724,,given that,~을 고려하면
2725,,selectively,선별적으로
2726,,non-mainstream,비주류의
2727,,identify with,~와 동일시하다
2728,,root for,(스포츠 팀 · 곤경에 처한 사람을) 응원하다
2729,,underdog,"약체, 질 것 같은 사람"
2730,,,
2731,23,bar,(악보의) 마디
2732,,reel off,~을 술술 말하다
2733,,retread,되밟아가다
2734,,chunk,덩어리로 나누다
2735,,encode,부호화하다
2736,,struggle,"악전고투하다, 고심하다"
2737,,make sense of,~을 이해하다
2738,,accomplished,"기량이 뛰어난, 재주가 많은"
2739,,composition,작품
2740,,seemingly,겉보기에는
2741,,awesome,굉장한
2742,,score,"악보, 작품"
2743,,lay out,~을 펼치다
2744,,arbitrary,임의의
2745,,abstract,추상적인
2746,,phrase,악구
2747,,verse,(노래의) 절
2748,,,
2749,24,pseudoscience,의사(擬似) 과학
2750,,sect,"분파, 종파"
2751,,doctrine,"학설, 이론, 정책, 교리, 신조"
2752,,heritage,"전통, 유산"
2753,,proper,"엄밀한 의미의, 엄밀한"
2754,,thesis,"논지, 학위 논문(pl. theses)"
2755,,confirm,"확증하다, 확인하다"
2756,,empirical,"경험에 의거한, 실증적인"
2757,,furiously,"맹렬하게, 격노하여"
2758,,arise,"일어나다, 발생하다"
2759,,hypothesis,가설(pl. hypotheses)
2760,,map,(지도처럼 상세히) 기술하다[설명하다]
2761,,cognitive,"인지의, 인식의"
2762,,,
2763,test 2-1,maintenance,"관리, 유지"
2764,,suggest,제안하다
2765,,improvement,개선 사항
2766,,cafeteria,구내식당
2767,,minimize,최소화하다
2768,,additional,추가적인
2769,,bookshelf,서가
2770,,accommodate,수용하다
2771,,pile up,~을 쌀아두다
2772,,current event,시사
2773,,in advance,미리
2774,,look forward to,~을 고대하다
2775,,,
2776,2,radiate,뿜어져 나오다
2777,,goosebumps,"소름, 닭살"
2778,,salsa,"살사 댄스, 살사(라틴 아메리카계의 춤곡)"
2779,,contest,대회
2780,,practically,거의
2781,,hostess,여성 사회자
2782,,bow,허리를 굽혀 인사하다
2783,,jury,심사위원단
2784,,tremble,떨다
2785,,anxiety,"불안, 걱정, 염려"
2786,,calm,"평온하게 하다, 차분하게 하다"
2787,,anticipation,기대(감)
2788,,spotlight,환한 조명
2789,,support,"지지하다, 용기를 돋우다"
2790,,absolutely,완전히
2791,,absorb,"빨아들이다, 흡수하다"
2792,,,
2793,3,corridor,복도
2794,,prop,(받침대 등으로) 받치다
2795,,approach,다가가다
2796,,semester,학기
2797,,residence hall,기숙사
2798,,if nothing else,"최소한, 적어도"
2799,,hang out,"어울려 다니다, 시간을 보내다"
2800,,isolate,고립시키다
2801,,one-on-one,일대일로
2802,,,
2803,4,affiliation,"소속, 가입, 입회"
2804,,forge,구축하다
2805,,pit,싸움 붙이다
2806,,identity,정체성
2807,,critical,매우 중요한
2808,,shift,이동하다
2809,,belong,속하다
2810,,identification,"정체성 확인, 신분 확인"
2811,,secure,"안전한, 단단한, 튼튼한"
2812,,liable to do,"~할 가능성이 있는, ~하기 쉬운"
2813,,absurd,"터무니없는, 부조리한"
2814,,acceptance,"수용, 받아들임"
2815,,ally,협력자
2816,,ethnic,민족의
2817,,sufficient,충분한
2818,,,
2819,5,embed,"끼워 넣다, 단단히 박아 넣다"
2820,,stakeholder,"이해 당사자, 주주"
2821,,contextually,"맥락에 맞게, 문맥상으로"
2822,,frame,(틀에 따라) 만들다
2823,,thick,심층적인
2824,,i.e.,"즉, 다시 말해 (= id est)"
2825,,humanities,인문학(인간의 사상 및 문화를 대상으로 하는 학문 영역)
2826,,aestheric,미적인
2827,,dimension,"영역, 국면, 양상"
2828,,ultimately,"궁극적으로, 결국"
2829,,sustainable,지속 가능한
2830,,societal,"사회적인, 사회의"
2831,,analytics,분석학
2832,,data mining,(컴퓨터를 통한 대규모) 데이터 마이닝(대규모 자료를 토대로 새로운 정보를 찾아내는 것)
2833,,,
2834,6,punctuation,구두점
2835,,prose,산문
2836,,establish,확립하다
2837,,nonessential,중요하지 않은
2838,,element,요소
2839,,interrupt,방해하다
2840,,omit,생략하다
2841,,doubtless,거의 틀림없이
2842,,aware,인식하는
2843,,tendency,경향
2844,,considerably,상당히
2845,,predecessor,앞어 왔던 사람[것]
2846,,cease,그만두다
2847,,musical notation,음악 부호
2848,,clarify,명확하게 하다
2849,,diminish,줄어들다
2850,,,
2851,7,demarcate,경계를 설정하다
2852,,bubble,(외따로 있는) 특별한 장소
2853,,simulacrum,복제품
2854,,office complex,사무실 단지
2855,,renewal,"재생, 부흥, 소생"
2856,,decay,"쇠퇴, 퇴락"
2857,,carve out,~을 개척하다
2858,,sharply,"뚜렷이, 날카롭게"
2859,,confront,(힘들거나 좋지 않은 것에) 직면하게 만들다
2860,,neglect,"방치, 소홀"
2861,,tempting,"매력적인, 솔깃한"
2862,,hostile,"(진행 · 달성을) 어렵게 하는, 적대적인"
2863,,demarcation,경계 설정
2864,,insolvable,해결할 수 없는
2865,,converted,"개조된, 전환된"
2866,,reduce,"(~으로) 변형시키다, 바꾸다"
2867,,set piece,"(무대 배경의) 독립된 세트, 정형화된 작품"
2868,,in its entirety,전체로서
2869,,gleaming,"빛나는, 환한"
2870,,,
2871,8,give birth to,~을 낳다
2872,,enroll,입학시키다
2873,,progressive,진보적인
2874,,proceed,"(앞으로) 나아가다, 전진하다"
2875,,degree,학위
2876,,odd,"~여의, ~남짓의"
2877,,free,"없애다, 제거하다"
2878,,inclination,"좋아하는 것, 성향"
2879,,carry out,"~을 수행하다, ~을 실행하다"
2880,,physical science,자연 과학
2881,,acquire,"취득하다, 얻다"
2882,,adapt,"(건물 · 기계 등을) 개조하다, 적응시키다"
2883,,habit,"기질, 습관"
2884,,prominent,저명한
2885,,administrator,"이사, 관리자"
2886,,modest,"수수한, 겸손한"
2887,,accumulate,"모으다, 축적하다"
2888,,immense,"막대한, 거대한"
2889,,,
2890,9,additive,첨가물
2891,,antibiotic,항생물질
2892,,wary,"조심하는, 경계하는"
2893,,evaluation,평가
2894,,risk,위험
2895,,sort,"분류하다, 구분하다"
2896,,by gender,성별로
2897,,pose,제기하다
2898,,serious,심각한
2899,,pesticide,"농약, 살충제"
2900,,artificial,인공의
2901,,preservative,방부제
2902,,coloring,색소
2903,,inclined to do,~하는 경향이 있는
2904,,,
2905,12,poly,"책략, 계략"
2906,,vagueness,"모호함, 분명치 않음"
2907,,efficient,효율적인
2908,,commit oneself to,"약속하다, 언질을 주다"
2909,,course of action,행동 방침
2910,,generalisation,일반화
2911,,press for,~을 계속 요구하다
2912,,further,추가의
2913,,veil,"베일, 덮개"
2914,,admit,인정하다
2915,,stop for a drink,술 한 잔하러 들르다
2916,,deliberately,일부러
2917,,exercise,"행하다, 발휘하다"
2918,,economy with the truth,"세부 사항을 생략해서 하는 거짓, 진실을 다 말하지 않음"
2919,,,
2920,13,continuum,연속(체)
2921,,dilute,희석하다
2922,,opposite,정반대(의 것)
2923,,blend,"뒤섞이다; 혼색, 혼합(물)"
2924,,extreme,극단
2925,,gradation,단계적 변화
2926,,shade,색조
2927,,amount,양
2928,,proportional,비례의
2929,,retain,유지하다
2930,,identity,정체성
2931,,pure,"아무것도 섞이지 않은, 순수한"
2932,,combine,"배합하다, 결합하다"
2933,,,
2934,14,aura,"기운, 매력"
2935,,attendance,참석
2936,,emotional,감정적인
2937,,exchange,"교류, 교환"
2938,,broadly speaking,개략적으로[대체로]말하자면
2939,,retail,소매의
2940,,psychological,심리적인
2941,,grocery,식료품 잡화점
2942,,checkout,계산대
2943,,,
2944,15,independently,독립적으로
2945,,certain,"어떤, 특정한"
2946,,paradoxically,"역설적으로 들릴지 모르지만, 역설적으로"
2947,,involve,"수반하다, 포함하다"
2948,,state,상태
2949,,be the case,"그러하다, 사실이다"
2950,,draw,그리다
2951,,observe,관찰하다
2952,,notice,"주목, 주의"
2953,,surroundings,주위 환경
2954,,store up,"~을 묻어 두다, ~을 저장하다"
2955,,obvious,"분명한, 명백한"
2956,,practical,실용적인
2957,,stock,비축하다; 비축
2958,,reservoir,"저장고, 저수지"
2959,,,
2960,16,per se,그 자체(로)
2961,,recount,이야기하다
2962,,smoothly,순조롭게
2963,,budget,예산
2964,,fondness,"애정, 아주 좋아함"
2965,,barely,"가까스로, 간신히"
2966,,make the deadline,마감 시간에 맞추다
2967,,hardship,고난
2968,,fellowship,"동료 의식, 동료애"
2969,,,
2970,17,herbivore,초식동물
2971,,roe deer,노루
2972,,track,"발자국, 자국"
2973,,confuse,혼란시키다
2974,,pursuer,추적자
2975,,trail,"자국, 오솔길"
2976,,herd,"무리, 떼"
2977,,solitary,"혼자 하는, 외딴"
2978,,existence,"생활, 존재, 생계"
2979,,undisturbed,"그 누구도 건드리지[손대지] 않은, 방해받지 않은"
2980,,territory,"지역, 영역"
2981,,sufficient,충분한
2982,,pack,(개나 늑대의) 무리[떼]
2983,,,
2984,18,burgeoning,"싹트기 시작한, 급증하는"
2985,,advent,"도래, 출현"
2986,,period,"시기, 기간"
2987,,shift,"바뀌다, 이동되다"
2988,,manual labor,수작업
2989,,manufacturing,"제조, 제조업"
2990,,garbage,쓰레기
2991,,critical,"중요한, 결정적인"
2992,,mass,대량의
2993,,distribution,분배
2994,,purchase,구매하다
2995,,value,가치
2996,,encourage,"부추기다, 장려하다"
2997,,,
2998,19,deficiency,"결함, 부족"
2999,,numerous,무수히 많은
3000,,limitation,"한계, 제한"
3001,,self-imposed,"스스로 부과한, 자진해서 하는"
3002,,restriction,제한
3003,,hold down,"~을 낮추다, ~을 억제하다"
3004,,complete,"철저한, 완전한"
3005,,lack,"부족, 결핍"
3006,,principle,원리
3007,,necessary,필요한
3008,,expert,전문가
3009,,limited,"한계가 있는, 부족한"
3010,,amazingly,놀라울 정도로
3011,,logical,논리적인
3012,,explanation,설명
3013,,sufficient,충분한
3014,,instructions,설명서
3015,,,
3016,20,consolidation,공고히 하기
3017,,hefty,"과중한, 무거운"
3018,,corporation,"기업, 회사"
3019,,support,"지원하다, 돈을 대다"
3020,,chain businesses,프랜차이즈 기업
3021,,afford,~할 여유가 되다
3022,,purchase,구매
3023,,supplier,"제조업체, 제품 제조업자, 공급자"
3024,,provider,"제공업체, 제공자"
3025,,interdependence,상호의존
3026,,thriving,"번영하는, 번창하는"
3027,,uniqueness,독특성
3028,,quest,"추구, 탐구"
3029,,rather than,"~대신에, ~보다는"
3030,,charge,부과하다
3031,,transaction,"거래, 매래"
3032,,alternative,대안
3033,,,
3034,21,oxidation,산화
3035,,nitrogen,질소
3036,,gaseous,기체의
3037,,reactive,반응성이 있는
3038,,atmospheric,대기의
3039,,blanket,뒤덮다
3040,,electronic,전자의
3041,,component,"부품, 요소"
3042,,rot,"부패하다, 썩다"
3043,,application,"활용, 이용, 적용"
3044,,compress,압축하다
3045,,undesired,원하지 않은
3046,,by-product,부산물
3047,,,
3048,22,benefit,"혜택, 이득"
3049,,up to a point,어느 정도까지는
3050,,relatively,"비교적, 상대적으로"
3051,,stable,"안정적인, 안정된"
3052,,optimal,최적의
3053,,cooperative,"협력적인; 협력 조직, 협동조합"
3054,,limitation,한계
3055,,keep track of,"~을 놓치지 않다, ~에 대해 계속 파악하다"
3056,,regarding,"~에 관해서, ~의 점에서는"
3057,,capacity,"역량, 능력"
3058,,sustain,유지하다
3059,,primate,영장류
3060,,stem from,"~에서 생겨나다, ~에 기인하다"
3061,,gossip,"소문, 잡담"
3062,,circulate,유포하다
3063,,reputation,"평판, 명성"
3064,,boost,"끌어올리다, 복돋우다"
3065,,end up -ing,결국 ~에 처하게 되다
3066,,lose track of,~을 계속 파악하지 못하다
3067,,maintenance,유지하다
3068,,challenging,"힘든, 도전적인"
3069,,,
3070,23,uncertainty,불확실성
3071,,conditional,"잠정적인, 조건부의"
3072,,contextual,매락[전후 사정]과 관련된
3073,,further,추가적인
3074,,confirming,확증적인
3075,,adaptive management,적응 관리
3076,,outset,"처음, 시작"
3077,,alternative,대안
3078,,assess,평가하다
3079,,outcome,결과
3080,,initial,처음의
3081,,monitor,관찰하다
3082,,inaction,"활동하지 않음, 무대책"
3083,,,
3084,24-25,precursor,"선행물, 효시, 전신"
3085,,ligitimacy,정당성
3086,,solution,해결책
3087,,dilemma,"딜레마, 어려운 문제"
3088,,regulatory,규제하는
3089,,authorities,당국
3090,,prevent ~ from …,~가 ··· 하는 것을 막다
3091,,engage in,~을 하다
3092,,beneficial,유익한
3093,,in the short[long] term,단[장]기적으로
3094,,voluntarily,자발적으로
3095,,adopt,채택하다
3096,,designate,지정하다
3097,,empower,권한을 부여하다
3098,,govern,지배하다
3099,,preserve,보존하다
3100,,informal,비공식적인
3101,,formalize,공식화하다
3102,,recognize,인식하다
3103,,potential,잠재적인
3104,,assume,가정하다
3105,,compassionately,동정적으로
3106,,motivate,동기를 부여하다
3107,,promote,촉진하다
3108,,objective,목표
3109,,outline,약술하다(간략하게 논술하다)
3110,,facilitate,촉진하다
3111,,resource,자원
3112,,benefit,이익
3113,,inherent,내재되어 있는
3114,,nature,본질
3115,,function,기능하다
3116,,motive,동기
3117,,exercise,행사하다
3118,,,
3119,1,thematically,주제상으로
3120,,condone,용서하다
3121,,come to one's attention,~을 알게 되다
3122,,be responsible for,~에 대한 책임이 있다
3123,,corporation,회사
3124,,department,부서
3125,,overload,과부하가 걸리게 하다
3126,,temporarily,일시적으로
3127,,analyst,분석가
3128,,intranet,내부 전산망
3129,,personnel,직원
3130,,crash,고장 내다
3131,,cripple,마비시키다
3132,,vital,중요한
3133,,circulate,"유표하다, 유통시키다"
3134,,mass-mail,단체 메일을 전송하다
3135,,inappropriate,부적절한
3136,,hub,(네트워크의) 허브
3137,,expertise,전문 지식
3138,,outstanding,뛰어난
3139,,justify,정당화하다
3140,,in advance,미리
3141,,singular,"특이한, 남다른"
3142,,cooperation,협력
3143,,work-specific,업무(일)에 한정된
3144,2,stern,"근엄한, 단호한"
3145,,a bucket of,한 양동이의~
3146,,pour,"쏟다, 붓다"
3147,,force ~ to do,~에게 어쩔 수 없이 ...하게 하다
3148,,rather,"다소, 어느 정도"
3149,,might not want to do,"~하지 않는 게 좋다, ~하는 건 좋은 생각이 아니다"
3150,,fill out,(양식 따위를) 작성하다
3151,,job application,입사지원서
3152,,hand,건네주다
3153,,state,"말하다, 진술하다"
3154,,financial,재정의
3155,,grant,보조금
3156,,,
3157,3,technological,기술적인
3158,,innovation,혁신
3159,,driver,"동인, 추진 요인"
3160,,transformation,"변화, 변형"
3161,,virtue,"장점, 미덕"
3162,,the former,전자
3163,,the latter,후자
3164,,inequality,불평등
3165,,endure,"견디다, 참다"
3166,,unfold,"펼쳐지다, 펼치다"
3167,,steer,"이끌다, 조종하다"
3168,,disruption,"혼란, 붕괴"
3169,,adaptation,적응
3170,,transition,"이동, 이행"
3171,,generate,"발생시키다, 생성하다"
3178,,,
3179,4,firm,"기업, 회사"
3180,,readily,"손쉽게, 순조롭게"
3181,,isolated,"고립된, 격리된"
3182,,competitor,경쟁자
3183,,be better off,(~하는 것이) 더 낫다
3184,,leading,"선도적인, 주도하는"
3185,,innovation,"혁신, 쇄신"
3186,,on average,대체로
3187,,scattered,"산발적인, 드문드문 있는"
3188,,innovate,"도입하다, 받아들이다, 혁신하다"
3189,,modify,"수정하다, 변경하다"
3190,,localization,"국지화, 지역화"
3195,,,
3196,5,subservient,도움이 되는
3197,,dumpster,대형 쓰레기 수납기
3198,,initially,처음에
3199,,spark,"불러일으키다, (웃음 따위를) 자아내다"
3200,,conflict,갈등
3201,,reframe,재구성하다
3202,,potentially,"어쩌면, 잠재적으로"
3203,,divisive ,불화를 일으키는
3204,,put ~ in perspective,"~을 (제대로) 이해하다, ~을 전체적인 시야로 보다"
3205,,recount,자세히 이야기하다
3206,,reinforce,강화하다
3207,,on one's face,"표면적으로, 표면상"
3208,,preserve,"지키다, 보존하다"
3209,,party,"무리, 당사자"
3210,,indicate,나타내다
3211,,sense of belonging,소속감
3212,,enact,"만들다, 제정하다"
3213,,badge,"신분증, 상징, 표시"
3223,,,
3224,6,post-literate,활자 문화 이후의
3225,,medieval,중세의
3226,,attitude,태도
3227,,extended,장시간의
3228,,secondary school,중등학교
3229,,desperately,필사적으로
3230,,conservative,보수적인
3231,,replace,대체하다
3232,,lecture,강의
3233,,field work,현장 연구
3234,,experiential,경험적인
3235,,ultimate,궁극적인
3236,,get out,~을 말하다
3237,,hit,조회 수
3238,,copy,(같은 책의) 권 부
3239,,statistic,통계 수치
3240,,,
3241,7,priority,우선 사항
3242,,strengthen,강화하다
3243,,health care,"건강 관리, 보건"
3244,,secure,확보하다
3245,,Social Security,사회보장제도
3246,,needy,궁핍한
3247,,budget,예산
3248,,deficit,적자
3249,,Congress,의회
3250,,prioritize,우선시하다
3251,,decline,"줄어들다, 감소하다"
3252,,substantially,상당히
3253,,additionally,또한
3259,,,
3260,10,mortuary,영안실
3261,,culminate,끝나다
3262,,funeral,"장례식, 영결식"
3263,,preserve,"보존하다, 보관하다"
3264,,the deceased,"망자, 고인"
3265,,matriclan,모계 씨족
3266,,maternal,"모계의, 어머니의"
3267,,notify,통지하다
3268,,memorialize,"추모하다, 기념하다"
3269,,departed,세상을 떠난
3270,,distribute,"나누어주다, 배부하다"
3271,,mourner,문상객
3272,,jewelry,"장신구, 보석 세공"
3273,,lying-in-state,(매장 전의) 시신 일반 공개
3274,,presentation,"바침, 증정, 수여"
3275,,honor,"기리다, 예우하다"
3277,,,
3278,11,molecular,분자의
3279,,laureate,수상자
3280,,temporal,시간의
3281,,relay station,중계국
3282,,coordinate,조정하다
3283,,incoming,들어오는
3284,,outgoing,나가는
3285,,immense,어마어마한
3286,,appropriate,적절한
3287,,built-in,내장된
3288,,constant,"끊임없는, 변함없는"
3289,,flow,흐름
3290,,sensory organ,감각 기관
3291,,narrative,"이야기, 서사"
3292,,sequence,(사건·행동 등의) 순서[차례]
3293,,discard,버리다
3294,,,
3295,12,entangle,뒤얽히게 하다
3296,,angel,왜곡하다
3297,,juice cleanse,해독 주스
3298,,valid,"타당한, 유효한"
3299,,eye-opening,"놀랄만한, 훌륭한"
3300,,roll one's eyes,"못마땅해하다, 눈을 굴리다"
3301,,sound,"괜찮은, 옳은"
3302,,anecdote,일화
3303,,exaggeration,과장
3304,,manipulate,조종하다
3305,,navigator,"정보 검색자, 항해사"
3306,,preconceived,사전에 형성된
3307,,notion,"개념, 생각"
3308,,curse,저주
3309,,megadose,대량 투여하다
3310,,promote,"촉진하다, 장려하다"
3311,,cup of tea,기호[취미]에 맞는 일
3312,,abound,"아주 많다, 풍부하다"
3313,,plenty of,많은
3315,,,
3316,13,choppiness,뚝뚝 끊어짐
3317,,crookedly,구부러져서
3318,,arthritic,관절염에 걸린
3319,,actual,"실제의, 사실의"
3320,,evidence,증거
3321,,romantic,"공상 소설적인, 낭만적인"
3322,,biography,전기
3323,,complain,불평하다
3324,,description,"(말에 의한) 표현[묘사], 기술"
3325,,statement,"말, 말한 것"
3326,,flow,흐르다
3327,,may well,아마 ~일 것이다
3328,,for all,~에도 불구하고
3329,,youthfulness,젊음
3330,,remark,말하다
3331,,inability,"할 수 없음, 무능"
3332,,prolong,"연장하다, 늘이다"
3333,,summons,"호출, 소환"
3334,,deathbed,임종(의 자리)
3335,,persistence,끈기
3336,,put ~ to the test,~을 시험해 보다
3339,,,
3340,14,comparison,비교
3341,,value,"가격, 가치"
3342,,restrain,"억제하다, 제지하다"
3343,,loyalty,"충성, 충실"
3344,,elsewhere,다른 곳에서
3345,,convenience,편리함
3346,,considerable,"무시 못 할, 중요한, 고려해야 할"
3347,,grocer,식료품 잡화상
3348,,take over,더 중요해지다
3349,,,
3350,15,built scene,인공적인 경관
3351,,unblighted,손상되지 않은
3352,,nonpatient,비환자
3353,,lack,"~이 결여되다, 부족하다"
3354,,significantly,"현저히, 상당히"
3355,,restoration,"회복, 부활, 복구"
3356,,questionnaire,질문서
3357,,assess,평가하다
3358,,restorative,"원기를 회복시키는, 복구하는"
3359,,influence,"효과, 영향력"
3360,,undistinguished,"특별하지 않은, 평범한"
3361,,dominate,"두드러지게 하다, 지배하다"
3362,,vegetation,"초목, 식물"
3363,,foster,"촉진하다, 육성하다"
3364,,reduction,감소
3365,,aggression,공격성
3366,,sustain,지속시키다
3367,,,
3368,16,anatomical,해부의
3369,,luminary,전문가
3370,,keen,"깊은, 열정적인"
3371,,wonder,경이로움
3372,,dynamic,역동적인
3373,,wondrous,"경이로운, 놀랄 만한"
3374,,readily,"쉽사리, 즉시"
3375,,refined,"정밀한, 정제된"
3376,,representation,표현
3377,,mechanical,"기계적인, 역학의"
3378,,detailed,자세한
3379,,anatomy,"해부학적 구조, 해부"
3380,,biographer,전기 작가
3381,,organ,"기관, 장기"
3382,,skeleton,"뼈대, 골격"
3383,,be credited with,~으로 인정받다
3384,,experimentation,"실험, 실험 방법"
3385,,core,핵심적인
3386,,scholastic,"학문적인, 학자의"
3387,,,
3388,17,amalgamation,융합체
3389,,rattan,등나무
3390,,element,요소
3391,,contemporary,현대의
3392,,immensely,엄청나게
3393,,combat sport,격투 스포츠
3394,,remain,남아 있는
3395,,permanent,영구적인
3396,,fixture,"정착된 것, (특정한 날짜와 장소에서 개최하기로 되어 있는) 경기"
3397,,landscape,"분야, 경치, 풍경"
3398,,modernization,"현대화, 현대화한 것"
3399,,hybrid,혼성의
3400,,adopt,채택하다
3401,,division,구분
3402,,pastime,오락
3403,,,
3404,18,tamper with,(부당하게) 변경하다
3405,,malicious,악의적인
3406,,numerous,수많은
3407,,security,보안
3408,,phenomenon,"사건, 현상 (pl. phenomena)"
3409,,inappropriate,부적절한
3410,,disclosure,"누설, 폭로"
3411,,violate,침해하다
3412,,property,재산
3413,,misbehave,잘못된 행동을 하다
3414,,disrupt,방해하다
3415,,effectiveness,유효성
3416,,mislead,오도하다
3417,,preference,선호
3418,,,
3419,19,vogue,유행
3420,,subtleties,중요한 세부 사항[요소]들
3421,,take in,"~을 이해하다, ~을 받아들이다"
3422,,scores of,수십 개의
3423,,primitive,원시적인
3424,,inefficient,비효율적인
3425,,boast,자랑하다
3426,,gather,이해하다
3427,,narrative,"이야기, 담화"
3428,,,
3429,20,climatologist,기후학자
3430,,cyclone,사이클론(인도양의 열대성 저기압)
3431,,volcanic,화산의
3432,,statistical,"통계적인, 통계상의"
3433,,tropical,열대(지방)의
3434,,eruption,"폭발, 분화"
3435,,entirely,완전히
3436,,trigger,일으키다
3437,,accompany,"~와 동시에 일어나다, 동반하다"
3438,,notable,"두드러진, 현저한"
3439,,differential,"차이, 격차"
3440,,set the stage for,~를 위한 토대를 마련하다
3441,,influence,영향을 주다
3442,,formation,형성
3443,,,
3444,21,undaunted,의연한
3445,,beeswax,밀랍
3446,,mast,돛대
3447,,long,긴; 갈망하다
3448,,irresistible,저항할 수 없는
3449,,lure,유혹하다
3450,,mariner,"선원, 뱃사람"
3451,,forewarn,"경고하다, 주의를 주다"
3452,,sail,향해하다
3453,,peril,위험
3454,,give in,굴복하다
3455,,cunning,약삭빠른
3456,,call to,~에게 소리치다
3457,,cast away,~을 버리다
3458,,beg,애원[간청]하다
3459,,plea,간청
3460,,perish,죽다
3461,,sensible,분별 있는
3462,,,
3463,22,concession,(특히 정부나 고용주가 집단 · 단체 등에 부여하는) 이권이나 혜택
3464,,compatible,합치하는
3465,,raw material,"원자재, 원료"
3466,,undermine,기반을 약화시키다
3467,,revenue,수익
3468,,,
3469,23,in proximity,"가까이, 근접하여"
3470,,discrimination,"구별, 식별, 차별"
3471,,scent,"냄새, 향기"
3472,,exhibit,"드러내다, 보이다"
3473,,preference,선호(도)
3474,,particular,특정한
3475,,be attached to,~에 애착[애정]을 갖다
3476,,tend to do,~하는 경향이 있다
3477,,tend to,~을 보살피다[돌보다]
3478,,built-in,"타고난, 고유의"
3479,,bias,"편향, 성향, 선입견"
3480,,orient,(어떤 방향으로) 향하다
3481,,stimuli,자극(pl. stimulus)
3482,,reflexive response,반사 반응
3483,,repertoire,"목록, 레퍼토리"
3484,,as a consequence,"그 결과, 결과적으로"
3485,,,
3486,24-25,iconic,매우 유명한
3487,,flashbulb memory,섬광 기억 (놀라운 사건에 대한 생생하면서도 비교적 영속적인 기억)
3488,,explosion,폭발
3489,,introductory psychology,심리학 입문
3490,,questionnaire,설문지
3491,,recall,기억하다
3492,,specific,구체적인
3493,,follow-up,후속의
3494,,survey,조사
3495,,scale,척도
3496,,previously,이전에
3497,,vividness,생생함
3498,,appreciate,인식하다
3499,,mischief,"해악, 해"